espn_id,player_name,euro_id
4456,A-Shun Wu,NA
10931,A.J. McInerney,NA
NA,Aadil Bedi,43929
16,Aaron Baddeley,NA
NA,Aaron Cockerill,43010
4686086,Aaron Crawford,NA
4422441,Aaron Davis,NA
NA,Aaron Leitmannstetter,38957
NA,Aaron Pike,35090
10906,Aaron Rai,39583
4643734,Aaron Terrazas,NA
NA,Aaron Townsend,33160
1379,Aaron Watkins,NA
NA,Aaron Wilkin,41007
10577,Aaron Wise,NA
NA,Abdel Monem El Shafei,37842
NA,Abdelhaq Sabi,32092
NA,Abdul Hadi,43155
NA,Abdulrahman Abdulla Al Shahrani,41638
NA,Abdulrahman Al Mansour,40404
4701571,Abel Gallegos,NA
NA,Abhijit Singh Chadha,39168
NA,Abhinav Lohan,38614
NA,Abid Hussain,41539
9261,Abraham Ancer,42474
NA,Abs Mawji,43047
1688,Adam Bland,34549
NA,Adam Blomme,41975
NA,Adam Blyth,33908
NA,Adam Burdett,41949
NA,Adam Chapman,41357
6707,Adam Cornelson,NA
3292,Adam Crawford,NA
4351917,Adam D'Amario,NA
NA,Adam Groom,32553
5548,Adam Hadwin,NA
10640,Adam Hart,NA
11147,Adam Hodkinson,35750
NA,Adam Keogh,43021
6015,Adam Long,NA
3990,Adam Mitchell,NA
NA,Adam Puchmelter,41258
9572,Adam Rainaud,NA
10372,Adam Schenk,NA
388,Adam Scott,30717
NA,Adam Stephens,40350
9127,Adam Svensson,NA
9454,Adam Webb,NA
NA,Addabbo Ludovico,100025
NA,Adem Wahbi,43827
NA,Adilson Da Silva,9231
11350,Adri Arnaus,41721
NA,Adrian Meronk,37051
5965,Adrian Otaegui,37793
9405,Adrian Rodriguez,NA
NA,Adriel Poonan,43149
NA,Adrien Bernadet,34153
NA,Adrien Dumont De Chassart,41182
NA,Adrien Pendaries,42779
NA,Adrien Pinguet,41738
NA,Adrien Saddier,37606
NA,Afonso Girão,43091
NA,Agil Is-Hag,41653
NA,Ahmad Skaik,43974
NA,Ahmed-Reda Rhazali,37388
NA,Ahmed Al Musharrekh,37200
NA,Ahmed Baig,42442
NA,Ahmed Marjan,38622
NA,Ahmed Skaik,43974
NA,Ahmet Telli,42558
NA,Airil-Rizman Zahari,30738
NA,Ajeetesh Sandhu,38006
NA,Åke Nilsson,33067
NA,Aksel Olsen,39511
4419142,Akshay Bhatia,43971
NA,Akshay Sharma,42477
NA,Alan Bihan,32301
11146,Alan Cooke,NA
NA,Alan De Bondt,39304
NA,Alan Dunbar,37525
NA,Alan Mclean,7542
917,Alan Morin,NA
NA,Alastair Forsyth,30379
NA,Albert Eckhardt,38886
NA,Albert Orende,41082
NA,Albert Venter,41032
NA,Albin Bergstrom,43365
6088,Albin Choi,NA
NA,Alejandro Aguilera,42214
NA,Alejandro Cañizares,32110
NA,Alejandro Del Rey,41268
4358081,Alejandro Tosti,NA
4421831,Alejandro Villasana,NA
NA,Aleksi Myllymaki,41373
NA,Ales Korinek,39710
NA,Alessandro Grammatica,36809
NA,Alessandro Noseda,40123
NA,Alessandro Stucchi,40822
NA,Alessandro Tadini,1191
1581,Alex Aragon,NA
11219,Alex Beach,NA
NA,Alex Belt,35761
4341751,Alex Blickle,NA
5899,Alex Carpenter,NA
512,Alex Cejka,4660
4610384,Alex Chiarella,NA
NA,Alex Edge,41575
NA,Alex Esmatges,40167
NA,Alex Fitzpatrick,42794
10064,Alex Franklin,NA
NA,Alex Gaugert,41001
NA,Alex Haindl,34600
NA,Alex Hamilton,37090
NA,Alex Hietala,42857
11482,Alex Higgs,NA
9906,Alex Kang,NA
9625,Alex Kim,NA
3524,Alex Knoll,NA
9305,Alex Moon,NA
3322,Alex Prugh,NA
10641,Alex Redfield,NA
4362028,Alex Schaake,NA
NA,Alex Simpson,36277
9484,Alex Smalley,NA
4369117,Alex Springer,NA
9469,Alexander Bjork,37585
NA,Alexander Culverwell,39556
NA,Alexander George Frances,42734
4415220,Alexander Hicks,NA
NA,Alexander Knappe,35417
NA,Alexander Kopp,43792
6041,Alexander Levy,37791
NA,Alexander Mayorov,31043
3832,Alexander Noren,31575
NA,Alexander Vongay,36551
NA,Alexander Wennstam,40658
NA,Alexandre Abreu,42057
NA,Alexandre Bailly,39302
NA,Alexandre Daydou,40724
NA,Alexandre De Gunzburg,42801
NA,Alexandre Kaleka,34748
567,Alexandre Rocha,NA
NA,Alexandre Widemann,40728
NA,Alexis Leray,43384
11177,Alfie Plant,41403
NA,Alfred Nandwa,40499
NA,Alfredo Garcia-Heredia,32108
11446,Alfredo Ruiz,NA
NA,Ali Al-Shahrani,38619
NA,Ali Al Shahrani,41044
NA,Ali Altuntas,39580
NA,Ali Dalgliesh,41456
NA,Alihan Afsar,40406
4425907,Alistair Docherty,NA
NA,Alistair Presnell,33206
NA,Alistair Waddell,40883
NA,Allen John,42989
NA,Allister De Kock,39853
NA,Alpheus Kelapile,35950
NA,Altaaf Bux,42479
6671,Alvaro Arizabaleta,38060
NA,Alvaro Hernandez Cabezuela,40730
NA,Alvaro Mueller-Baumgart,100010
NA,Alvaro Muller (Am),100030
10481,Alvaro Ortiz,NA
NA,Alvaro Quiros,32704
NA,Alvaro Velasco,33615
NA,Alvin Cheung,43128
NA,Aman Raj,40447
NA,Amardeep Malik,35274
NA,Amaury Rosaye,42055
NA,Amine El Kharraz,43871
NA,Amine El Malki,43877
NA,Amine Joudar,32296
NA,Amir Nazrin,42432
NA,Amitesh Chandra,42776
NA,Anant Singh Ahlawat,43237
NA,Anasa Seruvatu,42777
10357,Anders Albertson,NA
NA,Anders Ellingsberg,40165
NA,Anders Emil Ejlersen,43579
NA,Anders Hansen,1139
NA,Anders Kristiansen,42061
NA,André Bossert,6074
10705,Andre De Decker,41035
NA,Andre Lautee,43208
6821,Andre Metzger,NA
NA,Andre Nel,41015
9911,Andre Tourinho,NA
NA,Andrea Bolognesi,37425
NA,Andrea Gurini,38404
NA,Andrea Maestroni,2101
5423,Andrea Pavan,35329
NA,Andrea Perrino,32866
NA,Andrea Romano,41690
NA,Andrea Rota,34366
NA,Andrea Saracino,41460
NA,Andreas Gronkvist,38971
11188,Andreas Halvorsen,39513
NA,Andreas Hartø,37721
5879,Andres Echavarria,NA
4410897,Andres Gallegos,NA
8939,Andres Garcia,NA
1748,Andres Gonzales,NA
1712,Andres Romero,31414
4683801,Andrew Alligood,NA
NA,Andrew B Jones,38257
10759,Andrew Bateman,NA
NA,Andrew Campbell,43969
NA,Andrew Curlewis,34602
3639,Andrew Dodt,35078
9521,Andrew Dorn,NA
NA,Andrew Evans,39060
11431,Andrew Filbert,NA
NA,Andrew Georgiou,37298
5838,Andrew Johnston,36932
NA,Andrew Kelly,38959
4682,Andrew Landry,NA
5951,Andrew Loupe,NA
NA,Andrew Marshall,2800
NA,Andrew Martin,34657
NA,Andrew Mcarthur,32368
11084,Andrew McCain,NA
NA,Andrew Mclardy,1935
11332,Andrew Novak,NA
NA,Andrew Oche Odoh,35179
NA,Andrew Palmer,100001
10558,Andrew Presley,NA
5502,Andrew Putnam,37549
NA,Andrew Schonewille,44052
NA,Andrew Schonewillie,42362
1658,Andrew Svoboda,NA
NA,Andrew Van Der Knaap,42376
NA,Andrew Willey,32410
5085,Andrew Wilson,42990
6067,Andrew Yun,NA
NA,Andri Bjornsson,42009
4683804,Andy Ogletree,NA
4827,Andy Pope,NA
4693955,Andy Spencer,NA
5956,Andy Sullivan,38119
5566,Andy Winings,NA
6810,Andy Zhang,NA
65,Angel Cabrera,6219
NA,Angel Hidalgo,42508
NA,Angelo Que,32576
4686085,Angus Flanagan,NA
4989,Anirban Lahiri,37258
5958,Anthony Broussard,NA
NA,Anthony Brown,33919
4705446,Anthony Cordes,NA
NA,Anthony De Schutter,43828
NA,Anthony Grenier,3523
NA,Anthony Houston,40995
NA,Anthony Kang,3672
4423292,Anthony Maccaglia,NA
NA,Anthony Marchesani,42838
NA,Anthony Michael,37300
5865,Anthony Paolucci,40018
4700272,Anthony Phipps,NA
NA,Anthony Quayle,41948
NA,Anthony Renard,40126
NA,Anthony Snobeck,33637
NA,Anthony Summers,32439
1129,Anthony Wall,1324
NA,Antoine Auboin,41489
NA,Antoine Rozner,40120
NA,Antoine Schwartz,38220
NA,Anton Haig,33157
NA,Anton Karlsson,40870
NA,Anton Wejshag,40873
NA,Antonio Costa,42737
NA,Antonio Hortal,37404
NA,Antonio Lascuna,35231
9822,Antonio Murdaca,40444
NA,Antti-Jussi Lintunen,41994
NA,Antti Ahokas,34926
NA,Anura Rohana,32607
NA,Apenisa Koroicure,41962
4353813,Archer Price,NA
10319,Arie Irawan,38685
1446,Ariel Canete,31822
824,Arjun Atwal,1888
NA,Arjun Gupta,100043
NA,Arjun Prasad,41088
5529,Armando Favela,NA
9618,Armando Villarreal,NA
NA,Arnaud Galand,43825
NA,Arnaud Guerin,37574
NA,Arnaud Langenaeken,9064
NA,Arnaud Seguin,41863
NA,Arnond Vongvanij,38426
1389,Aron Price,35064
NA,Aron Zemmer,38250
NA,Arrun Singh Brar,42894
NA,Arthur Ameil-Planchin,41482
NA,Arthur Audebert,43476
NA,Arthur Gabella,34862
NA,Arthur Horne,39206
NA,Asaf Cohen,42537
NA,Ash Mansell,38962
NA,Ashley Chesters,38402
11176,Ashley Hall,35230
NA,Ashok Kumar,35959
4357759,Ashton Turner,40793
NA,Ashun Wu,36077
NA,Astrid Vayson De Pradenne,43289
NA,Atthaphon Sriboonkaew,37882
NA,Aubrey Beckley,42368
NA,August Thor Host,43578
10940,Augusto Nunez,NA
NA,Aurian Capart,41180
9379,Austen Truslow,43205
4693966,Austin Bautista,42056
10017,Austin Connelly,40328
9517,Austin Cook,NA
4425898,Austin Eckroat,NA
11216,Austin James,NA
10578,Austin Jordan,NA
10370,Austin Quick,NA
11056,Austin Smotherman,NA
4612293,Austin Squires,NA
NA,Axel Boasson,40235
NA,Axel Östensson,39927
NA,Aydan Verdonk,43090
NA,Ayoub Id Omar,43870
NA,Ayoub Lguirati,39866
NA,Ayoub Ssouadi,42539
NA,Azzan Al Rumhy,39739
1595,B.J. Staten,NA
NA,Baejong Park,43147
NA,Bailey Gill,43729
NA,Baptiste Chapellan,34299
NA,Baptiste Courtachon,41183
NA,Bard Skogen,42080
9566,Barrett Kelpin,NA
4346503,Barrett Waters,NA
NA,Barry Lane,506
NA,Basil Wright,43156
NA,Baurzhan Sarkytbayev,41534
6011,Beau Hossler,NA
NA,Bekir Kara,37436
NA,Ben Amor,41449
NA,Ben Campbell,38907
NA,Ben Clementson,41549
4422368,Ben Cook,NA
4348353,Ben Crancer,NA
693,Ben Crane,NA
523,Ben Curtis,NA
NA,Ben David,43582
4413591,Ben DeArmond,NA
NA,Ben Eccles,40998
NA,Ben Evans,34067
9794,Ben Geyer,43935
4404992,Ben Griffin,NA
NA,Ben Hutchinson,42991
4372513,Ben Kern,NA
6922,Ben Kohles,NA
4684380,Ben Lanting,NA
4263,Ben Leong,33200
4638,Ben Martin,NA
NA,Ben Parker,35569
NA,Ben Robinson,40268
NA,Ben Schmidt,43885
NA,Ben Storey,39490
NA,Ben Stow,38254
NA,Ben Talbot,43837
10134,Ben Taylor,NA
NA,Ben Wharton,35866
1310,Ben Willman,NA
11246,Ben Wolcott,NA
NA,Ben Wong,43130
NA,Benedict Staben,38989
3620,Benjamin Alvarado,NA
NA,Benjamin Follett-Smith,42160
3824,Benjamin Hebert,35509
NA,Benjamin Kedochim,42662
NA,Benjamin Lein,40471
NA,Benjamin Nicolay,8057
NA,Benjamin Poke,40804
10179,Benjamin Polland,NA
NA,Benjamin Reuter,43861
NA,Benjamin Rusch,36264
8910,Benjamin Silverman,NA
NA,Benjamin Weilguni,35539
NA,Bennie Van Der Merwe,34899
NA,Beomsoo Kim,42526
NA,Beon Yeong Lee,43099
NA,Berk Celik,41672
NA,Bernard Neumayer,37475
5881,Bernardo Gonzalez,NA
NA,Bernd Ritthammer,35573
4317,Bernd Wiesberger,33676
261,Bernhard Langer,NA
NA,Berni Reiter,36159
3483,Berry Henson,38320
NA,Beth Allen,43251
6708,Bhavik Patel,NA
NA,Bhavnish Chandaria,32068
774,Bill Haas,NA
1060,Bill Lunde,NA
NA,Bill Suguturaga,41536
470,Billy Downes,NA
NA,Billy Hemstock,37012
1651,Billy Horschel,34737
1612,Billy Hurley III,NA
6171,Billy Kennerly,NA
296,Billy Mayfair,NA
NA,Billy Mckenzie,42507
NA,Billy Spooner,41341
4690754,Billy Tom Sargent,NA
NA,Billy Watson,42943
NA,Bin Yan,39268
NA,Bingwen Ma,43116
5821,Bio Kim,40250
NA,Birgir Hafthorsson,7937
NA,Björn Åkesson,35676
NA,Björn Hellgren,38766
NA,Björn Pettersson,25051
10162,Blair Hamilton,NA
3227,Blake Adams,NA
4426308,Blake Cannon,NA
NA,Blake Collyer,43528
4351897,Blake Kelley,NA
11041,Blake Kennedy,NA
4404916,Blake Morris,NA
10367,Blake Olson,NA
10368,Blake Palmer,NA
NA,Blake Proverbs,40510
10466,Blake Pugh,NA
NA,Blake Snyder,41318
4355465,Blake Taylor,NA
4940,Blake Trimble,NA
NA,Blake Windred,43206
6062,Blayne Barber,NA
10962,Bo Andrews,NA
4780,Bo Hoag,NA
712,Bo Van Pelt,NA
NA,Bo Yi,43119
125,Bob Estes,NA
NA,Bob Geurts,43842
631,Bob Sowards,NA
8887,Bobby Bai,NA
4590,Bobby Gates,NA
4630,Bobby MacWhinnie,NA
9570,Bobby Wyatt,41053
NA,Boniface Simwa,37373
713,Boo Weekley,35462
NA,Borja Etchart,36081
NA,Borja Virto,39235
9962,Bowen Xiao,40381
NA,Boyi Zhang,43899
799,Brad Adamonis,NA
5286,Brad Benjamin,NA
10359,Brad Brunner,NA
NA,Brad Burns,30603
10488,Brad Dalke,NA
120,Brad Elder,NA
147,Brad Fritsch,33033
9624,Brad Hopfinger,NA
1470,Brad Kennedy,32009
701,Brad Lardon,NA
8996,Brad Miller,NA
NA,Brad Moules,41541
2823,Brad Ott,NA
9026,Brad Schneider,NA
NA,Brad Shilton,37246
11187,Brad Sill,NA
4591109,Braden Bailey,NA
NA,Braden Becker,41566
11094,Braden Thornberry,NA
NA,Bradford Vaughan,1435
865,Bradley Dredge,7200
NA,Bradley Mogire,43218
NA,Bradley Moore,40949
NA,Bradley Neil,40118
3446,Brady Schnell,NA
4358080,Brady Sharp,NA
NA,Brady Stead,42854
NA,Brady Watt,39733
4383,Branden Grace,35068
5617,Brandon Crick,NA
9584,Brandon Hagy,NA
7161,Brandon Harkins,NA
11074,Brandon Matthews,41984
NA,Brandon Robinson-Thompson,43831
6280,Brandon Stone,37990
4355673,Brandon Wu,43417
1222,Brandt Snedeker,33259
NA,Branislav Lucansky,43443
10667,Branson Ferrier,NA
10504,Brant Peaper,NA
1256,Brendan Jones,30703
NA,Brendan Lawlor,43681
NA,Brendan Mccarroll,34835
NA,Brendan Mcgovern,5314
3596,Brendan Steele,NA
1758,Brendon de Jonge,NA
4423890,Brendon Doyle,NA
3454,Brendon Todd,NA
10941,Brent Grant,NA
4516,Brent Witcher,NA
10905,Brett Coletta,41608
9791,Brett Drewitt,41596
1273,Brett Melton,NA
NA,Brett Munson,41057
363,Brett Quigley,30629
NA,Brett Rankin,39064
570,Brett Rumford,30705
1673,Brett Stegmaier,NA
4372451,Brett Viboch,NA
689,Brett Wetterich,NA
NA,Breyten Meyer,41021
10556,Brian Bullington,NA
9525,Brian Campbell,NA
NA,Brian Casey,38958
1049,Brian Davis,NA
4924,Brian Dwyer,NA
4735,Brian Gaffney,NA
159,Brian Gay,NA
1225,Brian Harman,NA
10938,Brian Hughes,NA
4422372,Brian Mackey,NA
6051,Brian Maurer,NA
NA,Brian Njoroge,34589
9627,Brian Norman,NA
6741,Brian Richey,NA
1631,Brian Rowell,NA
3262,Brian Smock,NA
3599,Brian Stuard,NA
2283,Brice Garnett,NA
9130,Brinson Paolini,39428
6841,Brittany Lincicome,NA
4358071,Broc Everett,NA
1258,Brock Mackenzie,NA
NA,Brody Martin,43214
1626,Bronson Burgoon,NA
3447,Bronson La'Cassie,NA
11007,Brooks Blackburn,NA
6798,Brooks Koepka,38783
4411521,Bruce Doucett,NA
1640,Bruce McDonald,NA
10040,Bruce Woodall,NA
5960,Bryan Bigley,NA
9598,Bryan Martin,NA
NA,Bryandrew Roelofsz,41061
NA,Bryce Bibby,39860
5842,Bryce Easton,37986
4355468,Bryce Edmister,NA
4426185,Bryce Emory,NA
312,Bryce Molder,NA
NA,Bryce Myburgh,43182
NA,Bryden Macpherson,38235
6046,Bryden MacPherson,NA
NA,Bryn Flanagan,40426
640,Bryn Parry,NA
10046,Bryson DeChambeau,40617
4415125,Bryson Nimmer,NA
780,Bubba Watson,33393
5338,Bud Cauley,38195
NA,Bulent Karatas,37428
5285,Byeong Hun An,37405
9845,Byron Meth,NA
3529,Byron Smith,NA
NA,Byungjun Kim,38699
NA,C Muniyappa,35963
NA,C.J Wangai,39208
6017,C.T. Pan,35295
NA,Cahit Kaya,36313
NA,Cajsa Persson,43260
NA,Callan O'reilly,40158
NA,Callie Swart,1394
4566998,Callum Bruce,NA
NA,Callum Macaulay,35614
NA,Callum Mowat,39859
9258,Callum Shinkwin,39620
11376,Callum Tarren,41432
NA,Calum Fyfe,43778
10102,Calum Hill,42648
28,Cameron Beckman,NA
10590,Cameron Bishop,NA
11098,Cameron Champ,41760
10863,Cameron Davis,41129
NA,Cameron Esau,42370
NA,Cameron John,42837
NA,Cameron Moralee,41033
1121,Cameron Percy,NA
NA,Cameron Raymond,43031
NA,Cameron Shaw,40704
9131,Cameron Smith,40070
4645,Cameron Tringale,NA
9532,Cameron Wilson,NA
4425906,Cameron Young,NA
4700282,Camiko Smith,NA
NA,Camilla Lennarth,43275
NA,Camille Bordone,43093
NA,Camille Chevalier,43257
4412165,Camilo Aguado,NA
1264,Camilo Villegas,NA
NA,Campbell Rawson,41964
856,Carl Pettersson,NA
NA,Carl Suneson,4549
9951,Carl Yuan,NA
NA,Carlo Casalegno,40796
NA,Carlos Balmaseda,6138
NA,Carlos Del Moral,34110
142,Carlos Franco,NA
5532,Carlos Ortiz,NA
NA,Carlos Pigem,36725
NA,Carlos Rodiles,2391
9027,Carlos Sainz Jr.,NA
NA,Carly Booth,40438
NA,Carmen Alonso,43286
NA,Caroline Hedwall,43255
11114,Carson Jacobs,NA
10129,Carson Schaake,NA
11143,Carson Young,NA
6000,Carter Jenkins,NA
4569919,Carter Page,NA
9477,Case Cochran,NA
11242,Casey Flenniken,NA
NA,Casey Jarvis,43957
NA,Casey O'toole,41064
11022,Casey Russell,NA
822,Casey Wittenberg,NA
NA,Caylum Boon,43937
NA,Cédric Gugler,42955
NA,Cédric Menut,32155
NA,Cedric Van Wassenhove,38148
NA,Cennydd Mills,34823
NA,Cesar Costilla,34237
NA,Cesar Monasterio,1253
68,Chad Campbell,NA
1646,Chad Collins,NA
3816,Chad Proehl,NA
10057,Chad Ramey,NA
9878,Chad Sorensen,NA
5724,Chan Kim,NA
10852,Chan Shih-chang,NA
NA,Chanachok Dejpiratanamongkol,41294
4618114,Chandler Blanchet,NA
4425897,Chandler Eaton,NA
4587989,Chandler Phillips,NA
NA,Chang Gi Lee,44013
NA,Changlei Zhang,37419
NA,Changping Chen,40363
NA,Chanwoo Kim,42353
NA,Chao Li,33284
NA,Chao Song,39766
NA,Chapchai Nirat,34470
NA,Charl Coetzee,34487
1097,Charl Schwartzel,32014
NA,Charles-Edouard Russo,33045
NA,Charles Bull,41479
4589,Charles Frost,NA
10185,Charles Harrison,NA
NA,Charles Hebert,41956
208,Charles Howell III,NA
NA,Charles Larcelet,43829
11398,Charles Reiter,NA
10376,Charles Wang,NA
NA,Charles Wright,41009
205,Charley Hoffman,32053
3777,Charlie Beljan,NA
NA,Charlie Bolling,17
10442,Charlie Danielson,41202
NA,Charlie Dann,43966
NA,Charlie Ford,37003
8935,Charlie Holland,NA
10719,Charlie Saxon,40839
925,Charlie Wi,NA
NA,Charlotte Leathem,43261
6183,Chas Narramore,NA
11206,Chase Hanna,42830
4683964,Chase Johnson,NA
10714,Chase Koepka,41193
10365,Chase Marinell,NA
10579,Chase Parker,NA
8975,Chase Seiffert,NA
7039,Chase Wright,NA
NA,Chawalit Plaphol,423
NA,Chen Xiao Duan,37141
NA,Cheng Jin,39269
NA,Cheng Xiong,39774
NA,Chengxiang Liu,41579
NA,Chengyao Ma,39762
5704,Chesson Hadley,NA
769,Chez Reavie,NA
NA,Chi-hsien Hsieh,39242
NA,Chi Huang,43894
NA,Chieh-po Lee,41058
NA,Chien-yao Hung,38084
NA,Ching-Hung Su,44039
NA,Chinnarat Phadungsil,34457
2125,Chip Deason,NA
9799,Chip Lynn,NA
4362864,Chip McDaniel,NA
NA,Chiragh Kumar,37992
NA,Chris Akers,41572
4628,Chris Baker,NA
9078,Chris Brant,NA
1177,Chris Couch,NA
4364744,Chris Crisologo,NA
105,Chris DiMarco,NA
NA,Chris Doak,30489
NA,Chris Duke,41595
8929,Chris Evans,NA
NA,Chris Gane,3107
NA,Chris Gaunt,30660
9842,Chris Gilley,NA
9299,Chris Gilman,NA
4690755,Chris Gotterup,NA
NA,Chris Hanson,34922
NA,Chris Kelly,31176
3449,Chris Kirk,NA
NA,Chris Lloyd,37610
NA,Chris Meyer,41878
11232,Chris Moody,NA
8876,Chris Naegel,NA
10998,Chris Nido,NA
5683,Chris Paisley,37086
372,Chris Riley,NA
NA,Chris Robb,40066
NA,Chris Selfridge,36851
395,Chris Smith,NA
1352,Chris Stroud,35459
NA,Chris Swanepoel,33844
4426307,Chris Tallman,NA
3279,Chris Thompson,NA
426,Chris Tidland,NA
4695730,Chris Wiatr,NA
4617,Chris Wilson,NA
3839,Chris Wood,35531
NA,Christiaan Basson,35069
9243,Christiaan Bezuidenhout,39790
NA,Christian Aronsen,25968
NA,Christian Baech,40289
NA,Christian Braeunig,38425
6146,Christian Brand,NA
NA,Christian Dahl,42733
NA,Christian Gloet,38928
NA,Christian Heavens,41117
NA,Christian Maas,100041
NA,Christine Wolf,43264
NA,Christo Lamprecht,42373
NA,Christofer Blomstrand,39599
NA,Christoffer Baumann,41981
NA,Christoph Bleier,100002
NA,Christoph Koerbler,40207
NA,Christoph Pfau,34810
NA,Christophe Brazillier,1460
4349548,Christopher Babcock,NA
NA,Christopher Cannon,38036
NA,Christopher Carstensen,40845
10576,Christopher Crawford,NA
NA,Christopher Fan,43209
NA,Christopher Feldborg Nielsen,38983
NA,Christopher Fisher,39929
NA,Christopher Mccourt,42361
NA,Christopher Mivis,34666
11116,Christopher O'Neill,NA
4422179,Christopher Petefish,NA
NA,Christopher Sahlstrom,40259
6155,Christopher Ward,NA
NA,Christopher Wood,39059
4349547,Chun An Yu,NA
NA,Chun Liu,40365
NA,Cian Mcnamara,34833
NA,Ciaran Boggan,40695
NA,CJ Du Plessis,39864
NA,Claes Isaksson,40840
NA,Clancy Waugh,42824
NA,Clark Dennis,1368
NA,Clarke Lutton,38451
NA,Clayton Bridges,41548
NA,Clayton Mansfield,43977
11018,Clayton Portz,NA
5412,Clayton Rask,NA
NA,Clemens Gaster,41159
NA,Clemens Prader,25977
NA,Clément Batut,38887
NA,Clément Berardo,37792
NA,Clément Rameaux,38895
10230,Clement Sordet,NA
NA,Clément Sordet,39466
255,Cliff Kresge,32771
NA,Clifford Maye,42180
NA,Clinton Grobler,42371
10704,Cody Blick,NA
8971,Cody Gribble,NA
NA,Cody Martin,41845
10610,Cody Paladino,NA
6802,Cody Proveaux,NA
NA,Coert Groenewald,39123
10047,Cole Hammer,NA
6025,Cole Howard,NA
4349563,Cole Miller,NA
4401226,Cole Nygren,NA
4684204,Cole Ponich,NA
NA,Colin Fairweather,42022
10997,Colin Monagle,NA
313,Colin Montgomerie,2586
NA,Colin Nel,33930
10592,Collin Morikawa,43410
NA,Colm Campbell Jnr,40244
NA,Colm Campbell Jnr,40791
NA,Colm Crowley,42208
NA,Colm Moriarty,31602
1793,Colt Knost,NA
NA,Combrinck Smit,42365
10761,Conner Godsey,NA
6781,Connor Arendell,38930
4684383,Connor Howe,NA
10983,Connor Syme,41226
NA,Conor Gough,43318
NA,Conor O'neil,40885
NA,Conor O'rourke,41417
NA,Conor Purcell,43207
7160,Conrad Shindler,NA
NA,Conway Kunneke,43185
4361932,Cooper Musselman,NA
6693,Corbin Mills,NA
9126,Corey Conners,NA
NA,Corey Hale,39084
5693,Corey Nagy,NA
344,Corey Pavin,NA
10138,Corey Pereira,NA
NA,Cormac Sharvin,40242
NA,Corrado De Stefani,38859
NA,Corsin Caviezel,40073
10322,Cory Cooper,NA
NA,Cory Crawford,41551
4337384,Cory Howard,NA
6935,Cory Renfrew,NA
3307,Cory Schneider,NA
6928,Cory Whitsett,NA
21,Craig Barlow,NA
47,Craig Bowden,NA
9607,Craig Brischke,NA
NA,Craig Farrelly,31555
NA,Craig Hinton,36328
6608,Craig Hocknull,41574
NA,Craig Howie,42135
NA,Craig Lawrie,40007
NA,Craig Lee,31554
NA,Craig Parry,4113
NA,Craig Ross,40649
NA,Craig Sutherland,32062
9476,Crawford Reeves,NA
NA,Cristiano Terragni,34362
4566999,Cullan Brown,NA
NA,Curtis Griffiths,38914
4566630,Curtis Knipes,43515
10910,Curtis Luck,41321
10371,Curtis Reed,NA
9687,Curtis Thompson,NA
9265,Cyril Bouniol,39468
NA,Cyril Suk,40050
NA,D A Points,36203
1196,D.A. Points,NA
7107,D.H. Lee,NA
431,D.J. Trahan,NA
NA,Daan Huizing,35810
NA,Daehyun Kim,35996
NA,Daeng Abd Rahman Abd Aziz,40442
NA,Daeng Abdul Rahman,41640
NA,Daihan Lee,42216
6657,Daisuke Kataoka,38629
10194,Dalan Refioglu,NA
NA,Dale Brandt-Richards,41569
NA,Dale Whitnell,36453
NA,Dale Williamson,43158
10523,Dalton Rich,NA
10197,Dalton Ward,NA
NA,Damian Mooney,9603
NA,Damian Ulrich,34311
NA,Damien Jordan,41554
NA,Damien Mcgrane,1107
NA,Damien Perrier,35736
NA,Damon Stephenson,42478
NA,Dan Kirkwood,42417
9034,Dan Obremski,NA
NA,Dan Olsen,33384
3840,Dan Woltman,NA
NA,Dani Osorio,33257
NA,Danie Van Niekerk,42369
4596486,Daniel Augustus IV,NA
9025,Daniel Berger,NA
NA,Daniel Berna Manzanares,39905
NA,Daniel Brennan,42799
NA,Daniel Brooks,35668
NA,Daniel Brown,40915
1176,Daniel Chopra,9730
11416,Daniel Faccini,NA
NA,Daniel Fox,39054
NA,Daniel Gale,42739
NA,Daniel Gaunt,32366
NA,Daniel Gavins,39020
NA,Daniel Greene,37299
NA,Daniel Hammond,37989
NA,Daniel Hendry,42994
4425899,Daniel Hillier,43333
NA,Daniel Im,36072
NA,Daniel Jennevret,36537
NA,Daniel Kay,40606
11217,Daniel Kim,NA
NA,Daniel Løkke,36413
9303,Daniel Mazziotta,NA
2683,Daniel McCarthy,NA
5569,Daniel Miernicki,NA
NA,Daniel Nduva,39868
4984,Daniel Nisbet,37245
NA,Daniel Peacock,43325
NA,Daniel Pearce,41545
NA,Daniel Popovic,37622
NA,Daniel Rodrigues,43857
NA,Daniel Schlauer,41161
7157,Daniel Stapff,NA
4693965,Daniel Stringfellow,NA
NA,Daniel Suchan,39342
3452,Daniel Summerhays,NA
4686083,Daniel Sutton,NA
NA,Daniel Valente,40184
5857,Daniel van Tonder,NA
NA,Daniel Van Tonder,38017
NA,Daniel Vancsik,30778
4643749,Daniel Wetterich,NA
NA,Daniel Wuensche,35541
NA,Daniel Young,40650
9381,Danny Balin,NA
1517,Danny Chia,3638
3950,Danny Lee,35114
4365957,Danny List,42880
NA,Danny Masrin,41735
NA,Danny Poulter,30541
NA,Danny Sahl,42006
4408319,Danny Walker,NA
4304,Danny Willett,36030
10418,Danthai Boonma,41056
NA,Darin De Smidt,41632
11170,Darin Fisher,NA
NA,Dario Antonisse,43843
NA,Darius Van Driel,36421
NA,Darren Beck,33904
82,Darren Clarke,5889
868,Darren Fichardt,1402
NA,Darren Wright,37664
984,Darron Stiles,NA
NA,Darryn Lloyd,36455
NA,Dave Coupland,35550
9656,Dave Levesque,NA
9098,Dave McNabb,NA
4355466,Davey Jude,NA
NA,Davey Porsius,41932
NA,David Antonelli,35508
NA,David Benak,42753
34,David Berganio Jr,NA
NA,David Boote,39515
NA,David Borda,36158
4306,David Bransdon,1332
1174,David Branshaw,NA
NA,David Carey,40740
NA,David Cooke,42845
3459,David Coupland,NA
4565816,David Denlinger,NA
NA,David Dixon,31692
1453,David Drysdale,7918
115,David Duval,NA
4661,David Erdy,NA
148,David Frost,NA
10362,David Gazzolo,NA
NA,David Gleeson,31189
NA,David Hague,43525
928,David Hearn,34129
NA,David Heinzinger,37789
NA,David Higgins,9893
4629,David Holmes,NA
3825,David Horsey,33577
537,David Howell,286
5764,David Hronek,NA
NA,David Klein,37039
4610385,David Kocher,NA
NA,David Laing,42233
NA,David Langley,42206
NA,David Law,37562
11172,David Lawrence,NA
266,David Lee,NA
5574,David Lingmerth,37630
6701,David Lipsky,38672
NA,David Lutterus,35085
1346,David Mathis,NA
NA,David Mcintyre,43176
NA,David Mckenzie,1351
NA,David Meyers,41031
NA,David Michel,41102
NA,David Micheluzzi,42600
9099,David Muttitt,NA
NA,David Nyfjäll,42843
NA,David Odhiambo,33225
NA,David Opati,38096
9802,David Pastore,NA
4618115,David Perritt,NA
NA,David Ravetto,43883
NA,David Rawluk,37021
3538,David S. Bradshaw,NA
4341769,David Sanders,NA
NA,David Shacklady,5632
NA,David Siwy,41255
3257,David Skinns,NA
NA,David Smail,1329
10304,David Solomon,NA
429,David Toms,NA
NA,David Van Den Dungen,35807
5304,David Vanegas,NA
NA,David Wakhu,36019
278,Davis Love III,NA
10058,Davis Riley,NA
4602218,Davis Thompson,NA
3455,Dawie van der Walt,33894
4341758,Dawson Armstrong,NA
NA,Daxing Jin,38938
NA,Dayne Moore,40473
5830,Dean Burmester,37979
NA,Dean O'riley,36641
NA,Declan Loftus,41442
NA,Deepinder Kullar,38615
NA,Deha Senay,41121
NA,Delun Feng,43118
NA,Deng Shan Koh,37224
6992,Dennis Downs,NA
NA,Dennis Meyerrose,41427
NA,Dennis Saikwa,42488
10054,Denny McCarthy,NA
4567003,Denzel Ieremia,43950
NA,Deon Germishuys,43142
NA,Derek Ackerman,44011
10445,Derek Bard,NA
10103,Derek Barron,NA
10575,Derek Chang,NA
7004,Derek Ernst,NA
3577,Derek Fathauer,NA
662,Derek Gillespie,NA
1276,Derek Lamely,NA
4422428,Derek Oland,NA
8909,Derek Rende,NA
819,Derek Tolan,NA
NA,Derick Petersen,34529
NA,Dermot Mcelroy,38277
NA,Desne Van Den Bergh,39818
NA,Desvonde Botes,1426
4610757,Devaughn Robinson,NA
9268,Devin Carrey,NA
6966,Devin Gee,NA
4420723,Devon Bling,NA
NA,Deyen Lawson,41012
NA,Dhruv Sheoran,42461
NA,Di Wu,43891
NA,Diandian Hu,43117
360,Dicky Pride,NA
NA,Didier De Vooght,5864
NA,Didier Dykmans,41737
4643732,Diego Cordova,NA
10482,Diego Peralta,NA
5581,Diego Velasquez,NA
NA,Digvijay Singh,33137
NA,Diksha Dagar,43252
NA,Dimitri Darnaud,43465
NA,Dimitri Mary,41860
9197,Dimitrios Papadatos,39725
NA,Dinesh Chand,3482
NA,Dingfeng Liang,39746
NA,Dinggen Chen,36560
11303,Dino Giacomazzi,NA
NA,Dismas Indiza Anyonyi,1423
NA,Divan Van Den Heever,33247
NA,Divyanshu Bajaj,39170
NA,DJ Loypur,41558
NA,DK Kim,44042
11448,Doc Redman,NA
NA,Dodge Kemmer,38455
NA,Dohoon Kim752,36721
5426,Domenico Geminiani,NA
8992,Dominic Bozzelli,NA
NA,Dominic Foos,39131
NA,Dominik Pietzsch,40023
NA,Dominique Nouailhac,9018
7078,Donald Constable,NA
5357,Dong-Kyu Jang,NA
4396848,Dong Seop Maeng,NA
NA,Dong Su,36732
NA,Dongmin Lee,38114
NA,Dongyu Wang,40391
4684397,Donnie Trosper,NA
7035,Donny Lee,NA
11456,Doug Ghim,42511
9276,Doug Letson,NA
NA,Doug Mcguigan,30729
NA,Douglas Klein,43160
11179,Douglas Quinones,40851
4396847,Doyeob Mun,NA
4355470,Drew Deimel,NA
10853,Drew Goff,NA
11214,Drew Nesbitt,NA
9453,Drew Perry,NA
3666,Drew Scott,NA
3475,Drew Weaver,NA
NA,Drikus Van Der Walt,38612
10324,Dru Love,42892
NA,Duane Keun,43165
188,Dudley Hart,NA
445,Duffy Waldorf,NA
NA,Duncan Stewart,35615
3448,Dustin Johnson,36198
NA,Dwayne Basson,40512
4596488,Dwayne Pearman,NA
3444,Dwayne Randall,NA
NA,Dylan Boshart,35808
5167,Dylan Frittelli,35166
10557,Dylan Healey,NA
NA,Dylan Kok,43938
11115,Dylan Meyer,NA
NA,Dylan Mostert,43980
NA,Dylan Naidoo,40468
NA,Dylan Perry,43203
4423323,Dylan Wu,NA
NA,Eamonn Brady,30295
4247,Eamonn McLoughlin,NA
NA,Ed Stedman,32005
5770,Eddie Olson,NA
6629,Eddie Pepperell,37841
NA,Eddie Taylor,40483
NA,Edgar Catherine,41488
NA,Ediz Kemaloglu,39787
NA,Edmund John Chapman,43135
NA,Edoardo Molinari,25994
NA,Edoardo Raffaele Lipparelli,39707
NA,Edouard Dubois,34425
NA,Edouard España,37596
4690741,Eduard Rousaud,44074
NA,Eduardo De La Riva,5912
NA,Eduardo Larrañaga,33268
6674,Edward Figueroa,NA
276,Edward Loar,NA
NA,Edward Tamsett,41568
NA,Edwin Mudanyi,42486
5537,Efren Serna Jr.,NA
NA,Eirik Tage Johansen,31752
NA,Elias Bertheussen,35659
NA,Elliot Anger,43448
NA,Elliot Saltman,34773
5882,Emiliano Grillo,35918
NA,Emilie Paltrinieri,43263
NA,Emilio Cuartero Blanco,40082
NA,Emily Kristine Pedersen,40342
4408314,Emmanuel Kountakis,NA
NA,Emre Uyar,43315
NA,Enhua Liu,43110
NA,Enqi Liang,40979
NA,Enrico Di Nitto,39456
10554,Enrique Valverde,NA
3628,Eraclio Bermudez,NA
NA,Erhard Lambrechts,44054
1247,Eric Axley,NA
NA,Eric Blom,38906
10522,Eric Cole,NA
4425896,Eric Dietrich,NA
3941,Eric Dugas,NA
10303,Eric Hallberg,NA
4691685,Eric Lilleboe,NA
11104,Eric Ricard,NA
10184,Eric Steger,NA
5557,Erik Barnes,NA
646,Erik Compton,33937
NA,Erik Jonasson,43326
NA,Erik Myllymaki,38884
NA,Erik Oja,40218
9364,Erik van Rooyen,39861
NA,Erneste Ndayinsenga,41657
10555,Ernesto Vitienes,NA
123,Ernie Els,5576
NA,Ervin Chang,39874
NA,Erwan Vieilledent,40071
NA,Espen Kofstad,36341
NA,Estanislao Goya,34503
10411,Esteban Jaramillo,NA
NA,Esteban Toledo,6123
NA,Estiaan Conradie,43150
10467,Ethan Savoy,NA
10375,Ethan Tracy,NA
4425870,Etienne Brault,NA
NA,Euan Walker,43569
NA,Eugen Fürnweger,41162
NA,Eugen Marugi,33168
5587,Eugene Wong,NA
4565467,Eugenio Lopez-Chacarra,43332
NA,Euiin Kim,41097
NA,Eunshin Park,37395
10559,Evan Beck,NA
10066,Evan Harmeling,NA
NA,Evan Holmes,42852
4712371,Evan Kawai,NA
NA,Evance Vukeya,100034
NA,Ewan Porter,32705
NA,Ewen Ferguson,40946
NA,Fabian Becker,33625
3375,Fabian Gomez,33180
NA,Fabien Marty,35010
1770,Fabrizio Zanotti,34563
NA,Fahrettin Kök,39581
NA,Faisal Salhab,43972
NA,Fangyi Li,38107
NA,Faycal Serghini,9326
NA,Fco Jose Perez Martin,35598
NA,Federico Colombo,34637
NA,Federico Maccario,39451
NA,Federico Zucchetti,40225
NA,Felicity Johnson,37824
NA,Felipe Aguilar,31840
9383,Felipe Navarro,NA
NA,Felix Mory,42668
NA,Felix Palson,42920
NA,Felix Schulz,40867
NA,Fernand Osther,37806
2716,Fernando Mechereffe,NA
NA,Feroz Ali,3608
NA,Fezekile Kana,43180
NA,Filip Jakubcik,43357
NA,Filip Mruzek,37657
NA,Filip Raza,41790
NA,Filippo Bergamaschi,38086
NA,Filippo Celli,100024
NA,Finn Fleer,41520
NA,Florentyna Parker,43258
NA,Florian Attard,43030
NA,Florian Fritsch,32752
NA,Florian Praegant,31916
NA,Francesco Laporta,37804
1483,Francesco Molinari,3289
NA,Francisco Cea,7701
NA,Francisco Oliveira,43862
NA,Franck Daux,40202
NA,Franck Medale,43382
NA,François Calmels,33425
NA,Francois Coetzee,39810
1808,Frank Adams III,NA
272,Frank Lickliter II,NA
NA,Frank Matilo,38678
10469,Frankie Capan,NA
3985,Franklin Corpening,NA
4349539,Franklin Huang,NA
NA,Franklin Manchest,43177
NA,Fraser Maclachlan,43968
NA,Fraser Moore,42698
NA,Fraser Wilkin,41565
NA,Frazer Droop,42357
91,Fred Couples,NA
152,Fred Funk,NA
NA,Fred Wanzala,41658
540,Freddie Jacobson,7421
NA,Frederic Dauchez,31213
NA,Frederic Lacroix,41858
10564,Frederick Janneck,NA
10935,Frederick Wedel,NA
NA,Frederik Dreier,42051
NA,Fredrik From,43144
NA,Fredrik Gustavsson,37001
NA,Fredrik Nilehn,39926
NA,Fredrik Svanberg,34980
NA,Fritz Orren,44043
NA,Gabriel Axell,39530
NA,Gabriel Canizares,31885
NA,Gabriel Naveau,42656
NA,Gabriella Cowley,43285
NA,Gaetan Weydts Caesens,41179
4309,Gaganjeet Bhullar,35962
4422422,Gage Ihrig,NA
NA,Galven Green,42420
NA,Gareth Davies,31780
NA,Gareth Maybin,34617
NA,Gareth Paddison,32011
NA,Gareth Shaw,36304
NA,Gareth Wright,32992
10748,Garett Sneed,NA
4404915,Garrett Barber,NA
9819,Garrett Okamura,NA
3594,Garrett Osborn,NA
10165,Garrett Rank,NA
458,Garrett Willis,NA
NA,Garrick Higgo,42372
9028,Garrick Porteous,38867
3228,Garth Mulroy,33507
NA,Gary Boyd,35671
NA,Gary Evans,5573
NA,Gary Hurley,39922
NA,Gary King,37128
321,Gary Nicklaus,NA
6807,Gary Stal,36256
NA,Gary Wolstenholme,9354
3550,Gary Woodland,NA
NA,Gaspard Oliviers,43826
NA,Gaurav Pratap Singh,37321
975,Gavin Coles,NA
NA,Gavin Fairfax,39404
5271,Gavin Green,37332
5663,Gavin Hall,39355
5663,Gavin Hall,40325
NA,Gavin Hay,37443
NA,Gavin Moynihan,39392
574,Gene Sauers,NA
NA,Geoff Drakeford,40097
328,Geoff Ogilvy,3525
NA,Georg Schultes,36836
NA,George Bloor,41467
1224,George Bryan,NA
5076,George Coetzee,34486
4364743,George Cunningham,NA
NA,George Gandranata,38387
4686084,George Kneiser,NA
4697380,George Markham,NA
808,George McNeill,NA
NA,George Murray,34020
5889,George Riley,NA
NA,George Twyman,41999
NA,George Woolgar,36411
NA,Georgia Coughlin,43262
NA,Gerard Piris Mateu,38138
9782,Gerardo Ruiz,NA
NA,Gerold Folk,39938
NA,Gerrit Foster,40253
NA,Gert Myburgh,39099
6706,Gi-Whan Kim,NA
NA,Giacomo Fortini,41689
NA,Gian-Marco Petrozzi,42194
NA,Gianmarco Manfredi,42595
NA,Giovanni Manzoni,42584
NA,Giovanni Tadiotto,41736
NA,Giulio Castagnara,39045
NA,Giwhan Kim,38667
100,Glen Day,NA
NA,Glen Portelli,38969
NA,Glenn Joyner,9104
NA,Goncalo Pinto,37474
NA,Gonzalo Fdez-Castaño,31267
1455,Gonzalo Fernandez-Castano,NA
NA,Gonzalo Gancedo,38274
4643730,Gonzalo Rubio,NA
NA,Gordan Brixi,42732
NA,Gowoong Choi,38709
11318,Grady Brame Jr.,NA
NA,Graeme Mcdowell,31048
301,Graeme McDowell,NA
1500,Graeme Storm,30226
NA,Graham Delaet,36596
2127,Graham DeLaet,NA
NA,Graham Fox,31205
6958,Grant Forrest,38956
4348400,Grant Hirschman,NA
5026,Grant Leaver,NA
NA,Grant Thomas,39089
NA,Grant Veenstra,32549
4567002,Gray Townsend,NA
5462,Grayson Murray,NA
74,Greg Chalmers,363
9128,Greg Eason,NA
679,Greg Gregory,NA
253,Greg Kraft,NA
NA,Greg Moss,41325
560,Greg Owen,NA
NA,Greg Payne,39434
NA,Greg Snow,35254
963,Greg Sonnier,NA
NA,Gregoire Schoeb,39701
4053,Gregor Main,NA
NA,Gregori Baumann,35663
NA,Gregorio De Leo,100023
1443,Gregory Bourdy,NA
NA,Grégory Bourdy,32154
NA,Gregory Foo,37874
NA,Grégory Havret,2881
11401,Gregory Maycock,NA
NA,Gregory Molteni,33437
10027,Gregory Yates,NA
NA,Greig Hutcheon,1905
11333,Greyson Sigg,NA
2517,Grover Justice,NA
NA,Guang-ming Yang,38106
NA,Gudmundur Kristjansson,41429
NA,Guido Migliozzi,39271
NA,Guillaume Cambis,37637
NA,Guillaume Fanonnel,43447
NA,Guillaume Watremez,35348
NA,Guiming Liao,33310
7047,Gunn Charoenkul,39100
9844,Gunn Yang,40506
5220,Gunner Wiebe,NA
NA,Guo-zhen Xu,40986
NA,Guowu Zhou,36085
NA,Gustaf Kocken,41783
NA,Gustav Adell,31763
4372450,Gustavo Morantes,NA
NA,Guxin Chen,42534
504,Guy Boros,NA
NA,Guy Woodman,31166
NA,Haiko Dana,42159
NA,Haimeng Chao,39745
NA,Hakan Yamac,38345
NA,Ham Jeong-Woo,43943
NA,Hamish Brown,41246
NA,Hampus Bergman,39306
NA,Hamza Esmer,39918
NA,Hamza Sayin,37430
NA,Han Xue,43893
4690611,Hanbyeol Kim,NA
11387,Hank Lebioda,NA
NA,Hannah Burke,43280
NA,Hannes Rönneblad,41163
10068,Hans Reimers,NA
NA,Hao-yuan Lv,40384
NA,Hao Yuan,33976
NA,Haolong Chen,41583
NA,Haoquan Pang,41587
4346692,Haotong Li,38108
5934,Haotong Li,38108
4358738,Haraldur Magnus,41450
NA,Harendra Gupta,35966
6991,Harold Varner III,39370
5408,Harris English,NA
11342,Harrison Endycott,41130
NA,Harrison Woan,41469
NA,Harry Bateman,39469
NA,Harry Casey,39559
11174,Harry Ellis,41847
4589438,Harry Hall,42598
4844,Harry Higgs,NA
NA,Harry Konig,43948
NA,Harshjeet Singh Sethie,43268
NA,Hayden Beard,41892
4364752,Hayden Buckley,NA
NA,Hayden Griffiths,44041
4425903,Hayden Shieh,NA
10562,Hayden Springer,NA
NA,Haydn Griffiths,44041
NA,Haydn Mccullen,40401
11148,Haydn McCullen,NA
6278,Haydn Porteous,38536
630,Heath Slocum,32241
NA,Heinrich Bruiners,35938
NA,Hendrikus Stoop,40415
NA,Hennie Du Plessis,40475
NA,Hennie Otto,1929
NA,Henri Lipsanen,36988
NA,Henri Satama,36170
NA,Henric Sturehed,40899
NA,Henrik Bjornstad,2879
NA,Henrik Kontro,42878
5573,Henrik Norlander,NA
576,Henrik Stenson,2090
9690,Henry Chung,NA
NA,Henry Featherstone,40298
NA,Henry Smart,37445
NA,Herman Loubser,41034
5860,Hideki Matsuyama,38035
1099,Hideto Tanihara,32862
NA,Hidetomo Sato,43102
NA,Himmat Rai,35757
NA,Hinrich Arkenau,39695
10412,Hiram Silfa,NA
3827,Hiroshi Iwata,NA
NA,Hiroyuki Fujita,32569
NA,Ho Soo Lee,42225
4412558,Ho Sung Choi,NA
NA,Honey Baisoya,38631
NA,Hongfu Wu,36579
NA,Hongtaek Kim,43932
5661,Horacio Leon,NA
NA,Hosung Choi,36711
NA,HP Bacher,35416
NA,Hubert Tisserand,40659
5504,Hudson Swafford,37552
10665,Hugo Bernard,NA
NA,Hugo Dobson,38434
4138,Hugo Leon,37191
NA,Hugo Rouillon,42175
NA,Hugo Santos,3218
NA,Hugues Joannes,34663
9950,Hui-lin Zhang,NA
10854,Huilin Zhang,39764
NA,Humphrey Wong,39816
182,Hunter Haas,NA
6806,Hunter Hamrick,NA
957,Hunter Mahan,NA
4567000,Hunter Richardson,NA
9424,Hunter Stewart,42901
NA,Hurly Long,42664
NA,Hyowon Park,38900
5332,Hyun-woo Ryu,NA
4270,Hyung-Sung Kim,NA
11314,Hyungjoon Lee,NA
NA,Hyungtae Kim404,35984
NA,Hyunsik Kong,44044
NA,Hyunwoo Ryu,37377
NA,Iain Pyman,9181
NA,Ian Campbell,31706
9509,Ian Davis,NA
4570138,Ian Gilligan,NA
4408324,Ian Holt,NA
619,Ian Poulter,2133
463,Ian Woosnam,NA
NA,Ilari Saulo,43549
4499,In-hoi Hur,NA
NA,Inar Kuramshin,41533
NA,Inhoi Hur,36712
4961,Inn-choon Hwang,NA
NA,Irvin Mazibuko,37306
NA,Isabelle Boineau,43274
4565182,Isaiah Jackson,NA
4565814,Isaiah Logue,NA
4589406,Isaiah Salinda,NA
4566424,Isidro Benitez,NA
NA,Issa Abou El Ela,43834
NA,Itthipat Buranatanyarat,40455
NA,Ivan Cantero Gutierrez,40516
1067,J.B. Holmes,34736
9797,J.C. Horne,NA
9374,J.C. Ritchie,39862
196,J.J. Henry,NA
3609,J.J. Killeen,NA
10166,J.J. Spaun,NA
906,J.R. Roth,NA
6063,J.T. Griffin,NA
10505,J.T. Poston,NA
NA,Jaakko Makitalo,32829
NA,Jabulani Mabulani,43178
10764,Jace Devault,NA
8984,Jace Long,NA
NA,Jack Davidson,42064
NA,Jack Doherty,32468
NA,Jack Floydd,43012
NA,Jack Harrison,39597
NA,Jack Hume,40560
NA,Jack Kutumane,34991
10053,Jack Maguire,NA
NA,Jack Mcdonald,38835
NA,Jack Munro,41950
4415,Jack Newman,NA
6221,Jack Senior,37073
NA,Jack Singh Brar,39349
NA,Jack South,40541
NA,Jack Thompson,43211
4590403,Jack Trent,NA
NA,Jack Williams,41556
NA,Jack Wilson,39086
NA,Jack Yule,41412
NA,Jackson Dick,43889
4632,Jaco Ahlers,35177
NA,Jaco Prinsloo,40487
1762,Jaco Van Zyl,31337
4349535,Jacob Bergeron,NA
9679,Jacob Eggers,NA
NA,Jacob Glennemo,36547
NA,Jacob Hassan,42873
NA,Jacob Lauridsen,39635
NA,Jacob Oakley,42996
NA,Jacob Okello,1622
NA,Jacobo Pastor,38513
NA,Jacopo Vecchi Fossa,39273
4071,Jacques Blaauw,36458
NA,Jacques Kruyswijk,39127
NA,Jacques P De Villiers,43936
NA,Jacquin Hess,40477
NA,Jade Buitendag,41016
NA,Jaedong Sim,34412
9934,Jaekyeong Lee,NA
NA,Jaewon Lee,43104
NA,Jaewoo Shim,40524
NA,Jaewoong Eom,36730
NA,Jaham Alkuwari,43204
NA,Jaibir Singh,41087
NA,Jaime Camargo,36374
4685125,Jaime Lopez Rivarola,NA
NA,Jak Hamblett,40262
NA,Jake Bolton,100036
NA,Jake Burnage,42195
4353814,Jake Erickson,NA
NA,Jake Higginbottom,39012
9843,Jake Knapp,NA
4686087,Jake Kneen,NA
10633,Jake Marriott,NA
NA,Jake Mcleod,41011
10336,Jake McLeod,NA
4341761,Jake Owen,NA
NA,Jake Redman,36648
NA,Jake Roos,33897
9282,Jake Scott,NA
NA,Jake Shepherd,37634
4688358,Jake Shuman,NA
NA,Jakob Hansson,42848
NA,Jakob Kollerup,41261
NA,Jakraphan Premsirigorn,40458
NA,Jakub Bares,39338
NA,Jakub Hrinda,43316
NA,Jakub Pokorny,39935
NA,Jamal Allali,43875
NA,James Ablett,33652
NA,James Adams,40959
NA,James Allan,40101
4425873,James Allenby,NA
NA,James Anstiss,42011
NA,James Busby,35681
NA,James Corkill,41567
109,James Driscoll,NA
9129,James Erkenbeck,42112
NA,James Ford,42111
NA,James Freeman,36451
NA,James Gibellini,41613
NA,James Grierson,43657
5025,James Hahn,NA
NA,James Hart Du Preez,41040
4619,James Heath,32432
NA,James Kamte,33236
NA,James karanja Muigai,38675
NA,James Kingston,7157
1743,James Love,NA
NA,James Marchesani,41377
NA,James Maw,38382
4566,James Morrison,34610
NA,James Murphy,37172
4683800,James Nicholas,NA
3521,James Nitties,33914
5968,James Robinson,35372
NA,James Ross,40644
NA,James Ruebotham,32921
NA,James Ruth,34785
NA,James Scade,39010
NA,James Sharp,40842
NA,James Stewart,31117
4566449,James Sugrue,43517
NA,James Sugrue  (Am),43517
NA,Jamie Abbott,36490
4217,Jamie Arnold,36431
NA,Jamie Bower,40773
3291,Jamie Broce,NA
NA,Jamie Dick,40283
1451,Jamie Donaldson,31183
NA,Jamie Elson,31697
NA,Jamie Fletcher,41281
NA,Jamie Hook,41008
1676,Jamie Lovemark,40629
NA,Jamie Mcleary,32941
NA,Jamie Rutherford,39464
11068,Jamie Sadlowski,41597
9284,Jamison Sindelar,NA
NA,Jan Cafourek,40595
NA,Jan Friesz,40043
NA,Jani Perttila,36167
NA,Janne Kaske,36997
NA,Jarand Ekeland Arnoy,41453
4684661,Jared C. Kobren,NA
10666,Jared du Toit,NA
NA,Jared Harvey,37987
9288,Jared Sawada,NA
9286,Jared Wolfe,NA
NA,Jarin Todd,42349
NA,Jarle Volden,42084
NA,Jarmo Sandelin,8051
NA,Jarno Tollenaire,43824
1698,Jarrod Lyle,33899
4596489,Jarryd Dillas,NA
NA,Jarryd Felton,40755
1008,Jason Allred,NA
NA,Jason Barnes,36397
1173,Jason Bohn,NA
802,Jason Caron,NA
1680,Jason Day,NA
NA,Jason Diab,41060
110,Jason Dufner,31611
NA,Jason Froneman,41030
168,Jason Gore,NA
NA,Jason Kelly,33034
NA,Jason King,32558
NA,Jason Knutzon,32575
3317,Jason Kokrak,35446
NA,Jason Lebrasseur,43387
NA,Jason Levermore,32448
8995,Jason Millard,NA
4226,Jason Norris,35081
4213,Jason Schmuhl,NA
4265,Jason Scrivener,35853
NA,Jason Viljoen,41047
11247,Jason Widener,NA
NA,Jasper Stubbs,43210
NA,Jastus Madoya,39210
NA,Javi Colomo,32719
NA,Javier Ballesteros,39249
4342,Javier Colomo,NA
NA,Javier Gallegos,38297
NA,Javier Otaegui,40715
NA,Javier Poladura,40690
NA,Javier Sainz,42212
NA,Jay Bayron,37881
41,Jay Don Blake,NA
NA,Jay Mackenzie,44012
2708,Jay McLuen,NA
NA,Jay Taylor,34356
NA,Jayden Schaper,43682
NA,Jayden Trey Schaper,43682
11218,Jaysen Hansen,NA
9413,Jazz Janewattananond,39871
4357760,Jazz Janewattananond,39871
4993,Jbe' Kruger,NA
NA,Jbe Kruger,35921
4425871,JC Deacon,NA
11388,JD Dornes,NA
NA,Jean-Baptiste Gonnet,31659
NA,Jean-Baptiste Hakizimana,38674
NA,Jean-Luc Burnier,34236
NA,Jean-Matthieu Houdayer,42189
NA,Jean-Paul Strydom,39200
NA,Jean-Pierre Verselin,39391
NA,Jean Bekirian,42988
NA,Jean De Wouters,42596
NA,Jean Hugo,3174
NA,Jean Pierre Sallat,4310
NA,Jed Morgan,44037
629,Jeev Milkha Singh,243
10643,Jeff Berkshire,NA
53,Jeff Brehaut,NA
171,Jeff Gove,NA
189,Jeff Hart,NA
NA,Jeff Hopkins,41154
NA,Jeff Inglis,33233
5575,Jeff Karlsson,37581
NA,Jeff Kubwa,41655
NA,Jeff Lucquin,3283
283,Jeff Maggert,NA
1564,Jeff Overton,NA
NA,Jeff Winther,38296
4408318,Jeffrey Kang,40109
8983,Jeffrey Kellen,NA
4422371,Jeffrey Schmid,NA
6103,Jens Dantorp,36484
NA,Jens Fahrbring,35599
NA,Jeong weon Ko,43545
4592199,Jeongwoo Ham,NA
NA,Jeppe Andersen,41253
NA,Jeppe Pape Huldahl,32190
10746,Jere Pelletier,NA
NA,Jeremy Freiburghaus,40135
10595,Jeremy Gandon,40315
NA,Jeremy Paul,41224
NA,Jeremy Voisard,31901
NA,Jeremy Wendelken,43947
3949,Jerod Turner,NA
NA,Jérôme Lando Casanova,36915
9905,Jeronimo Estevez,NA
818,Jerry Haas,NA
NA,Jerry Ji,42202
243,Jerry Kelly,NA
NA,Jesper Gunder,41252
NA,Jesper Sandborg,43002
NA,Jesper Svensson,42822
11481,Jesse Droemer,NA
2454,Jesse Hutchins,NA
4862,Jesse Larson,NA
2767,Jesse Mueller,NA
3704,Jesse Smith,NA
10373,Jesse Speirs,NA
NA,Jesse Yap,43157
NA,Jesus Legarrea,32716
9854,Jeunghun Wang,40378
9754,Jeunghun Wang,40378
9795,Jhared Hack,NA
1030,Jhonattan Vegas,37192
NA,Jia pei Huang,42228
NA,Jia Zhang,40371
NA,Jiahao Lin,43888
NA,Jian Chen,39748
NA,Jian Chen,36575
NA,Jianfeng Ye,35299
NA,Jianshan Li,41581
NA,Jiekun Liang,43887
153,Jim Furyk,NA
3598,Jim Herman,NA
6894,Jim Knous,NA
3528,Jim Renner,NA
11384,Jimmy Beck,NA
5822,Jimmy Brandt,NA
9271,Jimmy Gunn,40619
NA,Jimmy Lazaro Mollel,42490
NA,Jimmy Mullen,39473
10990,Jimmy Stanger,NA
446,Jimmy Walker,31605
8900,Jin Cheng,NA
NA,Jin Jeong,36637
922,Jin Park,NA
NA,Jin Zhang,37401
4423,Jinho Choi,35991
4594413,Jinichiro Kozuma,NA
NA,Jiri Zuska,41116
NA,JJ Senekal,38010
11220,JJ Wood,NA
NA,Joachim B. Hansen,36343
NA,Joakim Lagergren,37579
NA,Joakim Wikstrom,41458
NA,Joao Carlota,35280
NA,Joao Magalhaes,43859
NA,Joao Ramos,40160
4412166,Joaquin Cabrera Mejia,NA
11099,Joaquin Niemann,NA
NA,Jobim Carlos,41272
NA,Jocke Rask,9112
1274,Joe Affrunti,NA
6965,Joe Boros,NA
NA,Joe Brooks,42904
NA,Joe Cooper,43547
NA,Joe Dean,39035
NA,Joe Dillon,41305
NA,Joe Gonzalez,42504
NA,Joe Long,100031
6196,Joel Dahmen,NA
NA,Joel Girrbach,38258
NA,Joel Sjöholm,33068
9132,Joel Stalter,NA
NA,Joël Stalter,39958
4341766,Joel Thelen,NA
9571,Joey Garber,NA
4684686,Joey Lane,NA
4364735,Joey Savoie,NA
NA,Joffrey Penelon,41484
NA,Johan Carlsson,34960
NA,Johan Edfors,3480
3541,Johan Kok,NA
NA,Johan Van Der Wath,41636
NA,Johann Lopez Lazaro,37491
NA,Johannes Axell,42853
NA,Johannes Steiner,34811
NA,Johannes Veerman,40721
4421475,John Augenstein,NA
NA,John Axelsen,40346
10687,John Catlin,41288
5567,John Chin,NA
97,John Daly,9205
10631,John Eisentrout,NA
NA,John Gallagher,36047
4570355,John Greco,NA
8972,John Hahn,39354
NA,John Henry,39626
NA,John Hickey,42980
5797,John Huh,NA
212,John Huston,NA
NA,John Karichu,39869
NA,John Kariuki,41085
NA,John Kelly,37761
4355471,John Langhoff,NA
4569894,John Lyras,44034
1419,John Mallinger,NA
1422,John Merrick,NA
NA,John Michael O'toole,42350
3516,John O'Leary,NA
6642,John Oda,NA
4691933,John Pak,NA
NA,John Parry,34932
6064,John Peterson,NA
709,John Rollins,NA
710,John Senden,1372
4612290,John Somers,NA
4361934,John VanDerLaan,NA
11215,Johnny Ruiz,NA
NA,Johnson Poh,37212
1265,Johnson Wagner,NA
5513,Jon Curran,NA
NA,Jon Lupton,31114
2706,Jon McLean,NA
9780,Jon Rahm,41208
4686793,Jon Trasamar,NA
3856,Jonas Blixt,33071
NA,Jonas Kölbing,35433
NA,Jonathan Agren,39684
508,Jonathan Byrd,NA
NA,Jonathan Caldwell,36429
2260,Jonathan Fricke,NA
10707,Jonathan Garrick,NA
4717798,Jonathan Hardee,NA
3988,Jonathan Hodge,NA
241,Jonathan Kaye,NA
3146334,Jonathan Keppler,NA
NA,Jonathan Lai,43129
NA,Jonathan Lomas,4752
5578,Jonathan Randolph,NA
NA,Jonathan S Cheetham,4664
NA,Jonathan Thomson,41260
NA,Jonathan Waschefort,41637
NA,Jonathan Yates,43016
4602673,Joohyung Kim,NA
NA,Joon Kim,36331
NA,Joonas Granberg,34929
4831,Joost Luiten,34085
NA,Jordan Duminy,43956
NA,Jordan Godwin,40904
11243,Jordan Gumberg,42832
NA,Jordan Hood,42023
NA,Jordan Mccoll,40610
NA,Jordan Mullaney,41544
9402,Jordan Niebrugge,NA
5741,Jordan Payne,NA
10645,Jordan Rodgers,NA
9278,Jordan Russell,NA
NA,Jordan Sherratt,39729
9506,Jordan Smith,38857
5467,Jordan Spieth,38796
NA,Jordan Wrisdale,40890
10327,Jordan Zunic,40798
NA,Jordi Garcia Del Moral,34884
NA,Jordi Garcia Pinto,36079
4691,Jorge Campillo,36867
7156,Jorge Fernandez-Valdes,NA
NA,Jorgen Johannessen,42093
NA,José-Filipe Lima,31527
4613004,Jose Andres Miranda,NA
NA,José Coceres,6033
3669,Jose de Jesus Rodriguez,NA
NA,Jose Ignacio Marin Casado,39647
10483,Jose Javier Ramirez,NA
NA,Jose Lorca,33277
NA,Jose Luis Adarraga Gomez,30632
NA,José Manuel Carriles,840
NA,José Manuel Lara,489
329,Jose Maria Olazabal,NA
NA,José María Olazábal,729
NA,Jose Pablo Segurola,41980
NA,Jose Rolz,41327
6603,Jose Toledo,NA
NA,Josep Angles Ros,40515
10745,Joseph Abella,NA
5902,Joseph Bramlett,NA
6970,Joseph Dean,NA
4425872,Joseph Deraney,NA
6833,Joseph Juszczyk,NA
415,Joseph Summerhays,NA
NA,Joseph Waweru Karanja,38676
4408312,Joseph Winslow,NA
NA,Josh Armstrong,44053
1964,Josh Broadaway,NA
NA,Josh Cabban,41563
NA,Josh Clarke,44035
5689,Josh Gallman,NA
3640,Josh Geary,33936
NA,Josh Hill,43676
NA,Josh Hilleard,42018
NA,Josh Ingram,41576
NA,Josh Loughrey,40584
10708,Josh McCarthy,NA
10670,Josh Speight,NA
1568,Josh Teater,NA
4425874,Josh Whalen,NA
NA,Josh Younger,35873
4635,Joshua Brock,NA
10716,Joshua Creel,NA
NA,Joshua Grenville-Wood,42997
NA,Joshua Hill,43949
4362886,Joshua Lee,NA
NA,Joshua Main,41573
NA,Joshua Munn,41560
4684381,Joshua Seiple,NA
NA,Joshua Shou,39097
NA,Joshua White,39602
NA,Joubert Van Eeden,41633
10944,Jovan Rebula,41617
NA,JR Galbraith,40243
4643735,Juan Carlos Benitez,NA
NA,Juan Carlos Osorio Valencia,32640
4643733,Juan Carlos Serrano,NA
4420097,Juan Cayro Delgado,NA
6794,Juan Diego Fernandez,NA
4693950,Juan Jose Guerra,NA
NA,Juan Ochoa,38273
9403,Juan Pablo Hernandez,NA
3634,Juan Pablo Solis,NA
NA,Juan Salama,43865
NA,Juan Sarasti,36726
5551,Judd Gibb,NA
NA,Juha Ruponen,41369
NA,Jules Coupade,41861
NA,Jules Gris,43383
NA,Julia Engstrom,43271
5259,Julian Etulain,NA
NA,Julian Kunzenbacher,39521
10195,Julian Suri,40194
6846,Julien Brun,38818
NA,Julien Clément,3519
NA,Julien De Poyen,42815
NA,Julien Foret,33255
NA,Julien Gressier,38134
NA,Julien Grillon,33675
NA,Julien Guerrier,33674
NA,Julien Quesne,33020
NA,Julien Rodallec,40316
11415,Julio Bell,NA
NA,Julio Fernandez Gomez,41702
5284,Julio Santos,NA
NA,Jun-seok Lee,39890
NA,Junbin Zhang,41111
6042,Jung-gon Hwang,NA
11312,Junghwan Lee,NA
NA,Junmin Choi,43319
NA,Junsung Kim,41598
NA,Junwon Park,38708
NA,Junya Kameshiro,41643
NA,Juran Dreyer,41634
NA,Jürgen Maurer,31537
NA,Jurrian Van Der Vaart,35728
4420096,Justin Bertsch,NA
11202,Justin Bryant,NA
4629152,Justin Doeden,NA
5825,Justin Harding,34488
199,Justin Hicks,33378
9273,Justin Hueber,NA
269,Justin Leonard,NA
9144,Justin Lower,NA
350,Justin Peters,NA
NA,Justin Quiban,42434
569,Justin Rose,1941
9283,Justin Shin,NA
10583,Justin Suh,41209
4848,Justin Thomas,39594
4008,Justin Walters,32732
NA,Justin Warren,43680
4364741,Justin YW Kim,NA
NA,Juuso Ilkka,41368
NA,Juuso Kahlos,39489
1755,Juvic Pagunsan,35072
NA,Jyoti Randhawa,3651
77,K.J. Choi,NA
NA,K.P. Lin,43123
NA,K.T. Kim,35227
NA,Kade Mcbride,43101
NA,Kalem Richardson,39727
NA,Kalle Samooja,36485
NA,Kalle Sneck,43564
4713443,Kamaiu Johnson,NA
NA,Kanat Kurbanaliev,43054
4423291,Kane Whitehurst,NA
NA,Kanyalak Preedasuttijit,43256
NA,Kapil Kumar,38617
NA,Karabo Mokoena,41038
NA,Karandeep Kochhar,41645
NA,Karim El Hali,41780
NA,Karolin Lampert,43266
NA,Kartik Sharma,42460
NA,Kasidit Lepkurte,41292
NA,Kasper Estrup,38378
NA,Kasper Nyland,43869
4597553,Kazuki Higa,NA
4513,Keegan Bradley,38346
NA,Keelan Africa,43179
NA,Keelan Van Wyk,43939
NA,Keenan Davidse,36652
4425890,Keenan Huskey,NA
83,Keith Clearwater,NA
NA,Keith Horne,3619
8906,Keith Mitchell,NA
4566210,Kelby Scharmann,NA
6689,Kelly Kraft,NA
1024,Kelly Mitchum,NA
NA,Kelsey Macdonald,41641
NA,Kemarol Baharin,39228
745,Ken Duke,2637
8881,Ken Looper,NA
421,Ken Tanigawa,NA
NA,Kenneth Bollo,41084
NA,Kenneth De Silva,38039
NA,Kenneth Dube,39224
NA,Kenneth Ferrie,1598
NA,Kenneth Johanson,42081
4596487,Kenny Leseur,NA
349,Kenny Perry,NA
10953,Kenny Pigman,NA
6180,Kent Bulle,NA
233,Kent Jones,NA
9262,Kevin Aylwin,NA
3857,Kevin Chappell,38196
10929,Kevin Dougherty,NA
6233,Kevin Foley,NA
1543,Kevin Hall,NA
695,Kevin Hayashi,NA
NA,Kevin Hesbois,36420
2552,Kevin Kisner,39976
6834,Kevin Kring,NA
NA,Kevin Le Blanc,41997
NA,Kevin Lee,42525
9597,Kevin Lucas,NA
NA,Kevin Mclister,38975
318,Kevin Na,32543
5662,Kevin O'Connell,NA
5500,Kevin Phelan,37547
4408320,Kevin Roy,NA
NA,Kevin Rundle,41046
1168,Kevin Shields,NA
860,Kevin Stadler,32433
NA,Kevin Stone,457
1077,Kevin Streelman,NA
NA,Kevin Techakanokboom,41280
NA,Kevin Turlan,38912
3793,Kevin Tway,NA
NA,Kevin Yuan,41854
NA,Khalin H Joshi,39175
NA,Kheng Hwai Khor,38057
NA,Kibugu Wilbourne Mutahi,43222
NA,Kieran Muir,41319
NA,Kieran Pratt,38342
NA,Kieren Pratt,43230
NA,Kieron Van Wyk,43978
NA,Kiet Van Der Weele,43052
NA,Kim Koivu,40790
5771,Kiradech Aphibarnrat,37259
NA,KJ Low,38688
4611416,KK Limbhasut,NA
NA,Knud A Krokeide,42082
4318,Kodai Ichihara,36669
NA,Koen Kouwenaar,43043
NA,Koji Inoue,43115
4686784,Kolton Lapa,NA
NA,Kopan Timbe,33224
NA,Koray Varli,37431
9081,Korbin Kuehn,NA
NA,Kota Kagasaki,41547
10363,Kramer Hickok,42358
1933,Kris Blanks,NA
NA,Kris Gray,40288
NA,Kris Nicol,37121
NA,Krishna Singh,41535
NA,Krister Eriksson,33662
NA,Kristian Krogh Johannessen,38904
NA,Kristian Kulokorpi,40186
NA,Kristof Ulenaers,41181
6100,Kristoffer Broberg,37588
4348470,Kristoffer Reitan,41686
4351896,Kristoffer Ventura,38325
NA,Kristopher Mueck,39067
NA,Kshitij Naveed Kaul,42459
NA,Kunmin Wu,41582
NA,Kurt Barnes,33915
10364,Kurt Kitayama,42481
11171,Kurt Slattery,NA
NA,Kurtis Clement,39047
NA,Kwanchai Tannin,39819
NA,Kyle Barker,42293
NA,Kyle De Beer,43955
4701519,Kyle Hogan,NA
10050,Kyle Jones,NA
NA,Kyle Mcclatchie,41616
4713444,Kyle Mendoza,NA
NA,Kyle Michel,43744
10574,Kyle Mueller,NA
2827,Kyle Owen,NA
NA,Kyle Pilgrim,41782
11039,Kyle Ramey,NA
1734,Kyle Reifers,NA
10530,Kyle Robbins,NA
4415126,Kyle Sanders,NA
6274,Kyle Scott,NA
1778,Kyle Stanley,NA
1025,Kyle Thompson,NA
4368784,Kyle Weldon,NA
11105,Kyle Westmoreland,NA
NA,Kylie Henry,43283
4592201,Kyongjun Moon,36738
7083,Kyoung-Hoon Lee,NA
8858,Kyung-tae Kim,NA
NA,Lachlan Mcdonald,41546
9939,Lance Lopez,NA
4693967,Landon Lyons,NA
5962,Lanto Griffin,NA
310,Larry Mize,NA
NA,Lars Buijs,41185
NA,Lars Keunen,40323
NA,Lars Van Meijel,39709
NA,Lasse Gerhardsen,42008
5303,Lasse Jensen,33565
NA,Laura Fuenfstueck,43284
NA,Laurent Richard,30906
NA,Laurenz Kubin,100003
NA,Lauri Ruuska,38883
5550,Laurie Canter,37624
NA,Laurie Owen,43779
NA,Lawrence Allan,42094
NA,Le Roux Ferreira,37710
NA,Lean Boezaart,38574
3089160,Leandro Marelli,NA
NA,Lee Corfield,32889
4404991,Lee Hodges,NA
6773,Lee Houtteman,NA
223,Lee Janzen,NA
NA,Lee Mccoy,40633
10055,Lee McCoy,NA
1498,Lee Slattery,30503
455,Lee Westwood,9486
NA,Leigh Mckechnie,32557
11389,Lemon Gorospe,NA
292,Len Mattiace,NA
NA,Leo Lespinasse,39484
NA,Leo Lilja,42957
NA,Leon Acikalin,41124
NA,Leon D'souza,42235
NA,Leon Visser,43184
NA,Leon Vorster,100042
NA,Léonard Bem,40008
NA,Leonardo Motta,36794
NA,Leonardo Sbarigia,41322
NA,Leonhard Astl,32861
NA,Leorin Pillay,41059
NA,Leun-kwang Kim,38041
4396042,Leun-Kwang Kim,NA
NA,Lewis Pearce,42158
NA,Liam Hancock,42726
NA,Liam Harper,38977
NA,Liam Johnston,41445
NA,Liam Robinson,38415
NA,Lianwei Zhang,401
NA,Lina Boqvist,43278
NA,Lincoln Tighe,40799
NA,Linda Wessberg,43259
NA,Lindani Ndwandwe,31332
NA,Lindsay Renolds,38301
NA,Lindsay Wilson,41552
NA,Linqiang Li,42223
NA,Linus Gillgren,38526
NA,Linus Lilliedahl,42865
NA,Linus Vaisanen,40693
NA,Linus Yip,43897
NA,Linyun Zou,40375
NA,Lionel Alexandre,2063
NA,Lionel Weber,38221
NA,Lloyd Jefferson Go,43934
NA,Lloyd Radcliffe,44014
4355467,Logan Lagodich,NA
11483,Logan McCracken,NA
NA,Loic Ettlin,43362
1241,Loren Personett,NA
4044,Lorens Chan,NA
NA,Lorenzo Gagli,34012
NA,Lorenzo Scalise,40896
NA,Lorenzo Scotto,38248
NA,Loris Schuepbach,43656
NA,Loris Schüpbach,42956
NA,Louis Albertse,42425
NA,Louis Calitz,37980
NA,Louis Capon,41485
NA,Louis Cohen-Boyer,41197
NA,Louis De Jager,35943
NA,Louis Dobbelar,44038
1293,Louis Oosthuizen,32015
NA,Lu Sen Lien,37889
10227,Luca Cianchetti,40894
NA,Luca Denk,41718
NA,Luca Galliano,35526
9575,Lucas Bjerregaard,34907
676,Lucas Glover,NA
10343,Lucas Herbert,41006
9685,Lucas Kim,NA
4135,Lucas Lee,37340
NA,Lucas Vacarisas,42211
NA,Ludovic Bax,40520
NA,Ludvig Aberg,42866
NA,Luigi Zenere,40788
NA,Luis Claverie,5833
11444,Luis Felipe Torres,NA
4349536,Luis Gagne,42682
10479,Luis Gerardo Garza,NA
4390718,Lukas Euler,43042
NA,Lukas Lipold,39936
4691932,Lukas Michel,NA
NA,Lukas Nemecz,36129
NA,Lukas Tintera,36334
NA,Lukas Zustak,43444
NA,Luke Brown,42841
NA,Luke Brown,44051
601,Luke Donald,30357
NA,Luke Donnelly,43015
4690756,Luke Gannon,NA
4693949,Luke Graboyes,NA
6066,Luke Guthrie,NA
NA,Luke Humphries,41550
NA,Luke Jerling,42339
NA,Luke Johnson,40898
NA,Luke Joy,38968
4362025,Luke Kluver,NA
4612289,Luke Kwon,NA
1059,Luke List,35448
4355469,Luke Mcclellan,NA
NA,Luke O'sullivan,42047
4691707,Luke Schniederjans,NA
NA,Luke Toomey,41987
NA,Luke Turbutt,41954
NA,Lydia G Hall,43279
NA,Lyle Rowe,35170
NA,Lynn Carlsson,43270
NA,M Dharma,38022
NA,M Sasidaran,42433
NA,Maarten Bosch,40053
NA,Maarten Lafeber,1167
11490,Mac Mcclung,NA
6931,Mackenzie Hughes,NA
10608,Maclain Huge,NA
NA,Madalitso Muthiya,31400
NA,Mads Søgaard,39553
NA,Mads Vibe-Hastrup,25650
NA,Maged Abdel Tawab,41107
NA,Magnus A Carlsson,25414
NA,Magnus P Atlevi,152
NA,Maha Haddioui,43287
NA,Mahatua Berniere,40834
NA,Makhetha Mazibuko,39182
NA,Malcolm Kokocinski,39027
NA,Malcolm Mackenzie,111
NA,Malcolm Mitchell,42374
10994,Manav Shah,NA
NA,Manfredi Manica (Am),100028
NA,Manon Molle,43290
NA,Manu Gandas,42468
NA,Manuel De Los Santos,41739
NA,Manuel Elvira,43327
3625,Manuel Inman,NA
7118,Manuel Merizalde,NA
NA,Manuel Morugan,42858
NA,Manuel Quiros,32414
NA,Manuel Trappel,37478
NA,Marat Bagtzhanov,43092
4364736,Marc-Étienne Bussières,NA
NA,Marc Boucher,43679
NA,Marc Cayeux,3622
NA,Marc Dobias,34750
NA,Marc Farry,588
NA,Marc Hammer,43392
3351,Marc Leishman,34538
NA,Marc Ong,39098
3283,Marc Turnesa,NA
4276,Marc Warren,31724
4693953,Marcel Olivares,NA
NA,Marcel Schneider,35703
NA,Marcel Siem,3467
7120,Marcelo Rozo,NA
NA,Marco Crespi,32505
99,Marco Dawson,NA
NA,Marco Iten,38259
NA,Marco Penge,42054
NA,Marco Steyn,41039
4565486,Marcos Montenegro,NA
NA,Marcos Pastor,38139
NA,Marcos Pastor Rufain,38139
9928,Marcus Armitage,36452
NA,Marcus Both,33146
10644,Marcus Burbank,NA
1457,Marcus Fraser,32315
NA,Marcus Hansen,41439
NA,Marcus Helligkilde,41122
9496,Marcus Kinhult,39925
NA,Marcus Larsson,35777
NA,Marcus Mohr,40094
NA,Marcus Svensson,41151
1522,Mardan Mamat,1318
NA,Marianne Skarpnord,43254
4355472,Mario Beltran,43403
NA,Mario Galiano Aguilar,40081
9744,Mark Anguiano,NA
4413,Mark Baldwin,40237
3766,Mark Blakefield,NA
56,Mark Brooks,NA
596,Mark Brown,35108
NA,Mark Burrell,42232
66,Mark Calcavecchia,NA
6648,Mark D. Anderson,NA
NA,Mark Davis,708
NA,Mark Flindt Haastrup,32736
1087,Mark Foster,370
197,Mark Hensby,NA
9143,Mark Hubbard,NA
NA,Mark Laskey,34351
NA,Mark Mcneilly,42457
NA,Mark Mouland,134
4394852,Mark Mulder,NA
NA,Mark Murless,1397
NA,Mark Murphy,41990
NA,Mark Murphy,30913
NA,Mark Nichols,4240
NA,Mark O'mahony,41992
325,Mark O'Meara,NA
NA,Mark Pilkington,8262
NA,Mark Power,42200
NA,Mark Power  (Am),42200
NA,Mark Reynolds,33475
5503,Mark Silvers,NA
NA,Mark Tullo,32859
NA,Mark Wharton,39090
NA,Mark Williams,36016
479,Mark Wilson,NA
NA,Mark Young,40300
NA,Markus Braadlie,42083
NA,Markus Brier,8069
NA,Markus Habeler,39937
NA,Markus Maukner,38875
NA,Marthin Scheepers,42426
NA,Martin Amtkjaer,39546
NA,Martin Dive,43965
NA,Martin Eriksson,41228
NA,Martin Eriksson,41229
NA,Martin Farfal,41500
1637,Martin Flores,NA
NA,Martin Granstad,42146
3670,Martin Kaymer,32204
NA,Martin Keskari,36865
2571,Martin Laird,34548
NA,Martin Ovesen,40173
NA,Martin Pettigrew,7960
4010,Martin Piller,NA
NA,Martin Rohwer,41236
NA,Martin Rominger,31143
NA,Martin Simonsen,38940
6151,Martin Trainer,NA
NA,Martin Ulseth,42041
3324,Martin Ureta,NA
NA,Martin Vorster,43960
NA,Martin Wiegele,26010
5769,Marty Jertson,NA
9220,Masahiro Kawamura,39734
NA,Masaki Mikura,41648
7042,Masanori Kobayashi,NA
NA,MASARU Takahashi,41274
11096,Mason Andersen,NA
4351914,Mason Overstreet,NA
4585569,Mason Williams,NA
NA,Massimilliano Campigli,41691
NA,Massimo Grassotti,42790
NA,Massimo Mbetse,100040
NA,Mateusz Gradecki,37052
165,Mathew Goggin,1370
NA,Mathew Omondi,38679
NA,Mathew Perry,40398
NA,Mathew Wahome,40500
NA,Mathew Webb,38843
NA,Mathiam Keyser,40767
NA,Mathias Eggenberger,37617
NA,Mathias Gladbjerg,40869
NA,Mathias Grönberg,5593
NA,Mathias Johansson,36312
NA,Mathias Schjoelberg,41331
NA,Mathieu Decottignies-Lafon,36866
NA,Mathieu Fenasse,39585
NA,Mathis Pansart,43020
NA,Matias Calderon,41352
NA,Matias Honkala,41993
NA,Mats Heien,42092
9788,Matt Atkins,NA
6138,Matt Baird,NA
1920,Matt Bettencourt,NA
11097,Matt Campbell,NA
1356,Matt Davidson,NA
6899,Matt Dobyns,NA
NA,Matt Dowling,38303
1411,Matt Every,34125
5400,Matt Fast,NA
NA,Matt Ford,32441
10639,Matt Gilchrest,NA
164,Matt Gogel,NA
4426183,Matt Gurska,NA
3384,Matt Harmon,NA
4702,Matt Hill,NA
4402736,Matt Hutchins,NA
NA,Matt Jager,37770
10717,Matt Jennings,NA
1367,Matt Jones,37727
4570137,Matt Kang,NA
NA,Matt Killen,42209
257,Matt Kuchar,3277
11173,Matt Lee,NA
4341772,Matt Liringis,NA
10052,Matt Mabrey,NA
5657,Matt Marshall,NA
4639,Matt Nagy,NA
4425901,Matt Naumec,NA
11379,Matt Oshrine,NA
11457,Matt Parziale,NA
NA,Matt Picanso,43884
4566206,Matt Pridey,NA
9279,Matt Ryan,NA
NA,Matt Saulez,42424
9701,Matt Schall,NA
10548,Matt Wallace,39617
897,Matt Weibring,NA
4372848,Matt Williams,NA
4697381,Matt Wilson,NA
NA,Matteo Delpodio,34258
4574,Matteo Manassero,34788
4425875,Matthew Anderson,NA
5832,Matthew Baldwin,33455
3707,Matthew Borchert,NA
4408313,Matthew Campbell,NA
NA,Matthew Carvell,37316
NA,Matthew Cort,25956
NA,Matthew Docking,41004
11449,Matthew Dunn,NA
9037,Matthew Fitzpatrick,39474
NA,Matthew Giles,37243
4219,Matthew Griffin,36676
NA,Matthew Guyatt,39053
NA,Matthew Hung Hai Cheung,42236
NA,Matthew Jordan,42599
NA,Matthew Lisk,43159
NA,Matthew Mcclean,43678
3674,Matthew Millar,33159
6954,Matthew NeSmith,NA
NA,Matthew Nixon,37645
NA,Matthew Rion,42834
NA,Matthew Rushton,41818
10939,Matthew Short,NA
5852,Matthew Southgate,37769
NA,Matthew Spacey,40414
NA,Matthew Stieger,39088
4412121,Matthew Wolff,NA
4566443,Matthias Schmid,43793
5729,Matthias Schwab,37816
10596,Matthieu Pavon,39523
NA,Matthis Besard,43363
NA,Matyas Zapletal,41153
NA,Mauricio Molina,7961
NA,Maverick Antcliff,41612
9530,Maverick McNealy,NA
NA,Max Albertus,39034
4243,Max Alverio,NA
NA,Max Burrow,42234
4358750,Max Cohen,NA
NA,Max Eichmeier,38860
11101,Max Greyserman,NA
8973,Max Homa,NA
NA,Max Kramer,33360
NA,Max Laier,39389
10366,Max Marsico,NA
NA,Max Mccardle,39058
11383,Max McGreevy,NA
NA,Max Orrin,39524
NA,Max Penney,41523
NA,Max Penny,41674
10063,Max Rottluff,40652
NA,Max Schmitt,40343
NA,Maxime Radureau,40599
NA,Maxime Vangeersdaele,41196
5524,Maximilian Kieffer,35419
NA,Maximilian Röhrig,39383
NA,Maximilian Steinlechner,41160
NA,Maximilian Walz,38976
NA,Maximiliano Godoy,35899
NA,Maximillian Lechner,42933
NA,Maxwell Cohen,43108
NA,MD Zamal Hossain Mollah,38005
NA,Meghan Maclaren,43253
NA,Mehdi El Fakori,43872
NA,MEHMET Coban,41673
5082,Merrick Bremner,35165
NA,Merrick Van As,43979
NA,Mervin Rocchi,39533
NA,MG Keyser,40767
NA,Micah Lauren Shin,42347
11453,Michael A. Smith,NA
4412,Michael Arnaud,NA
4425881,Michael Blair,NA
3312,Michael Block,NA
49,Michael Bradley,NA
NA,Michael Bullen,40196
5988,Michael Buttacavoli,NA
NA,Michael Campbell,9833
NA,Michael Choi,36935
4717797,Michael Colgate,NA
4346500,Michael Cromie,NA
5300,Michael D. Smith,NA
NA,Michael Dallat,42934
8903,Michael Davan,NA
4426180,Michael Feagles,NA
NA,Michael Fenten,38854
NA,Michael G Palmer,40745
10065,Michael Gellerman,NA
4859,Michael Gligic,NA
NA,Michael Harradine,39176
9272,Michael Hebert,NA
4252,Michael Hendry,35125
NA,Michael Hirmer,40779
NA,Michael Hoey,3337
NA,Michael Hollick,38575
9831,Michael Hopper,NA
5765,Michael Johnson,NA
NA,Michael Jonzon,9273
4693951,Michael Kartrude,NA
8974,Michael Kim,NA
9912,Michael Kinkopf,NA
NA,Michael Kraaij,35636
2603,Michael Letzig,NA
NA,Michael Long,1366
NA,Michael Ludwig,39385
NA,Michael Mcgeady,34242
11381,Michael McGowan,NA
4349572,Michael Miller,39732
NA,Michael Moore,36675
NA,Michael Murray,40039
4420115,Michael Nagy,NA
NA,Michael Perez,42624
4421832,Michael Perras,NA
1423,Michael Putnam,NA
NA,Michael Rush,39005
1679,Michael Schachner,NA
10307,Michael Schoolcraft,NA
NA,Michael Sim,32647
3256,Michael Sims,NA
NA,Michael Skelton,32750
NA,Michael Smyth,39087
NA,Michael Stewart,38400
3688,Michael Thompson,NA
4425904,Michael Thorbjornsen,NA
4358117,Michael Tolladay,NA
NA,Michael Tran,39507
4368785,Michael Visacki,NA
6711,Michael Weaver,NA
NA,Michael Wolf,39577
NA,Michael Wright,32559
NA,Michael Young,44058
NA,Michal Brezovsky,40049
NA,Michal Pospisil,36963
NA,Michele Cea,39395
NA,Michele Forgione,40823
NA,Michele Ortolani,40795
NA,Michiel Bothma,30691
3830,Michio Matsumura,NA
NA,Mickael Altmeyer,35639
4349592,Mickey DeMorat,NA
2013,Miguel Angel Carballo,NA
224,Miguel Angel Jimenez,NA
NA,Miguel Ángel Jiménez,2928
NA,Miguel Angel Martin,120
NA,Miguel Cabrera-Bello,39486
NA,Miguel Carballo,33182
NA,Miguel Gaspar,37472
3684,Miguel Suarez,NA
6266,Miguel Tabuena,38538
NA,Mikael Lindberg,41330
4398,Mikael Lundberg,9922
NA,Mikael Piltz,8030
NA,Mikael Salminen,36172
4687089,Mike Auterson,NA
9263,Mike Ballo,NA
11185,Mike Genovese,NA
NA,Mike Kisia,43217
4272,Mike Lorenzo-Vera,33083
2732,Mike Miller,NA
476,Mike Small,NA
NA,Mike Toorop,42958
4709,Mike Van Sickle,NA
453,Mike Weir,2071
NA,Mikel Galdos,34776
10026,Mikel Martinson,NA
NA,Mikhail Tewary,36649
NA,Mikkel Hjorth,42163
NA,Mikkel Mathiesen,43225
NA,Mikko Ilonen,30376
4374,Mikko Korhonen,30345
NA,Mikko Lehtovuori,41372
4425900,Mikumu Horikawa,43407
NA,Miles Collins,39662
5939,Min Lee,NA
4410932,Min Woo Lee,41662
11348,Minchel Choi,42346
NA,Mingjie Huang,33781
NA,Minkyu Kim,42154
NA,Miro Veijalainen,36998
279,Mitch Lowe,NA
NA,Mitch Waite,43172
4565484,Mitchel Carlson,NA
NA,Mitchell A Brown,35080
6943,Mitchell Gregson,NA
NA,Mitchell Slorach,39563
4366110,Mitchell Sutton,NA
NA,Mithun Perera,38519
9931,Mito Pereira,NA
7110,MJ Daffue,39189
9932,MJ Maguire,NA
NA,MJ Viljoen,42288
NA,Mohamed Amine Al Moussaoui,43876
NA,Mohamed Bellaroussia,43878
NA,Mohammad Rauf Mandhu,39214
NA,Mohd Iylia Jamil,39877
NA,Mohd Wafiyuddin,39875
NA,Mohit Mediratta,42492
11184,Mookie DeMoss,NA
4717799,Morgan DeNeen,NA
4781,Morgan Hoffmann,NA
NA,Moritz Lampert,36389
NA,Moritz Mayrhauser,36286
NA,Morne Buys,36653
NA,Morten Ørum Madsen,36523
4408323,Motin Yeung,NA
NA,Mu Hu,33978
NA,Mukesh Kumar,35960
NA,Musiwalo Nethunzwi,36655
NA,Mustafa Hocaoglu,39915
NA,Mutlu Guner,39917
NA,Myles Frost,39650
NA,N Thangaraja,40469
NA,N.J. Arnoldi,39789
NA,Nachimuthu R,3649
7169,Nacho Elvira,36078
NA,Naing Naing Lin,42435
NA,Nakarintra Ratanakul,41301
NA,Namchok Tantipokhakul,37879
NA,Nan-nan Shen,39768
4610402,Naoki Sekito,NA
NA,Napat Pattamasing,41300
NA,Naras Luangpetcharaporn,41299
NA,Narinrit Tantrakul,41304
NA,Nasser Yaqoob,42445
1600,Nate Lashley,NA
4362027,Nate Vontz,NA
NA,Nathan Barbieri,43212
NA,Nathan Brader,39686
NA,Nathan Buzimkic,41610
NA,Nathan Green,31344
9199,Nathan Holman,39525
NA,Nathan Kimsey,39609
4614,Nathan Stamey,NA
NA,Nathan Trey,43867
3847,Nathan Tyler,NA
4566209,Nathan Young,NA
NA,Natipong Srithong,41055
NA,Nattawat Suvajanakorn,41081
NA,Natthapong Niyomchon,41293
260,Neal Lancaster,NA
NA,Neal Woernhard,40571
NA,Neil Fenwick,38189
NA,Neil Henderson,40611
9274,Neil Johnson,NA
NA,Neil O'briain,37115
5095,Neil Schietekat,35608
6677,Nelson Lauta Ledesma,NA
NA,Nelson Mudanyi,39216
NA,Nelson Simwa,39211
NA,Nelson Turner,41611
NA,Neo Thubisi,39856
NA,Neven Basic,33905
NA,Ngugi Njunguna,37370
NA,Niall Kearney,37125
NA,Niall Turner,36847
NA,Niccolo Quintarelli,36793
10474,Nicholas Cochran,NA
NA,Nicholas Cunningham,40786
5270,Nicholas Fung,36008
6999,Nicholas Lindheim,NA
10480,Nicholas Maruri,NA
NA,Nicholas Poppleton,42959
NA,Nicholas Rokoine,34591
1586,Nicholas Thompson,NA
NA,Nicholaus Frade,43174
NA,Nick A Taylor,38344
4567796,Nick Arman,NA
5007,Nick Cullen,37255
NA,Nick Dougherty,30601
1216,Nick Flanagan,33172
NA,Nick Gillespie,35859
10048,Nick Hardy,NA
4341763,Nick Heinen,NA
6141,Nick Killpack,NA
NA,Nick Latimer,42800
NA,Nick Marsh,40255
5210,Nick Mason,NA
NA,Nick Mccarthy,36424
5827,Nick McCarthy,NA
NA,Nick Mitchell,128
NA,Nick O'hern,1908
5618,Nick Rousey,NA
3792,Nick Taylor,NA
4348380,Nick Voke,42740
1042,Nick Watney,NA
NA,Niclas Fasth,9247
NA,Niclas Hellberg,40789
NA,Niclas Johansson,37719
NA,Nico Geyger,38331
NA,Nicola Gerhardsen,42966
11250,Nicolai Hojgaard,NA
NA,Nicolai Højgaard,42143
NA,Nicolai Kristensen,40151
NA,Nicolai Tinning,40920
NA,Nicolai Von Dellingshausen,41420
NA,Nicolaj Norman,41245
NA,Nicolas Aparicio,41490
1283,Nicolas Colsaerts,3456
4408316,Nicolas Echavarria,NA
NA,Nicolas Maheut,41279
NA,Nicolas Muller,43868
NA,Nicolas Paez,41314
NA,Nicolas Peyrichou,35005
NA,Nicolas Roche,32404
NA,Nicolas Schellong,40041
NA,Nicolas Tacher,39390
NA,Nicolas Thommen,35467
NA,Nicolas Vanhootegem,5862
4570136,Nicolo Galletti,NA
NA,Nicolo Ravano,34039
NA,Nikhil Rama,100033
NA,Niklas Adank,40948
NA,Niklas Lemke,31690
NA,Niklas Lindstrom,40142
NA,Niklas Norgaard Møller,38379
NA,Niklas Regner,42809
NA,Nikolai Høgh,40550
NA,Nikolai Schaffrath,41671
NA,Nikolay Afanasyev,34234
4573,Nino Bertasio,35602
NA,Nirun Sae-Ueng,41665
NA,Nitithorn Thippong,40466
4339409,Noah Goodwin,NA
4425902,Noah Norton,NA
NA,Noel Grau Tomas,37647
NA,Noel Murray,37763
NA,Noemi Jimenez Martin,43272
NA,Noora Komulainen,43276
NA,Nordin Van Tilburg,42203
11407,Norman Xiong,43097
NA,Nurtai Saldarov,40320
NA,Nuru Molell,41656
6173,Nyasha Mauchaza,NA
NA,Ockie Strydom,36659
NA,Odhran Maguire,43683
NA,Olafur Loftsson,38901
58,Olin Browne,NA
9287,Olin Browne Jr.,NA
NA,Oliv Rozner,38222
5097,Oliver Bekker,35942
NA,Oliver Clarke,42138
NA,Oliver Farr,36301
NA,Oliver Fisher,34653
NA,Oliver Gillberg,41719
7015,Oliver Goss,39081
NA,Oliver Hundebøll,43355
NA,Oliver Lindell,40874
11095,Oliver Peacock,NA
NA,Oliver Rath,40553
NA,Oliver Roberts,41437
NA,Oliver Suhr,35715
1506,Oliver Wilson,33164
NA,Olivia Cowan,43265
9568,Ollie Schniederjans,NA
NA,Om Prakash Chouhan,38008
NA,Omar Sandys,30706
7115,Omar Tejeira,NA
438,Omar Uresti,NA
NA,Ondrej Lieser,36446
NA,Ondrej Lisy,41156
NA,Ondrej Melichar,42752
NA,Onur Telli,42207
NA,Ooko Erick Obura,40496
NA,Orkunhan Kaplan,43314
1246,Oscar Alvarez,NA
NA,Oscar Bergman,41364
NA,Oscar Floren,32831
3623,Oscar Fraustro,NA
NA,Oscar Lengden,40863
NA,Óscar Serna,31065
NA,Oscar Stark,38909
NA,Oscar Zetterwall,39573
NA,Oskar Ambrosius,41771
10628,Oskar Arvidsson,NA
NA,Oskar Bergqvist,40577
NA,Oskar Franck,39568
NA,Oskar Henningsson,33458
NA,Ossi Mikkola,38882
NA,Othman Almulla,35183
NA,Othman Almulla,37315
NA,Othman Raouzi,43311
10715,Otto Black,NA
NA,Otto Bonning,32928
NA,Owen Edwards,41405
3829,Pablo Larrazabal,NA
NA,Pablo Larrazábal,33337
NA,Pablo Martin Benavides,31960
11445,Pablo Rinc?n Gallardo,NA
186,Padraig Harrington,293
NA,Pannakorn Uthaipas,41303
NA,Panuphol Pittayarat,37228
NA,Panuwat Muenlek,35861
NA,Paradorn Srichaphan,41298
NA,Pariya Junhasavasdikul,36511
4697379,Parker Coody,NA
4346509,Parker Gillam,NA
1259,Parker McLachlin,NA
707,Pat Perez,32245
4643736,Patricio Guerra,NA
6007,Patrick Cantlay,38194
4612976,Patrick Cover,NA
4358083,Patrick Fishburn,NA
4426186,Patrick Flavin,NA
4570354,Patrick Grimes,NA
NA,Patrick Kopp,40136
4611417,Patrick Martin,NA
6837,Patrick Newcomb,42210
NA,Patrick Rasmussen,38409
5579,Patrick Reed,38439
6825,Patrick Rodgers,NA
NA,Patrick Roos,36175
NA,Patrick Ruff,40889
3275,Patrick Sullivan,NA
4683,Patrick Wilkes-Krier,NA
NA,Patryk Lescastreyres,43840
NA,Pattaraphol Khanthacha,41075
3980,Patton Kizzire,NA
10831,Paul Barjon,39050
NA,Paul Beauvy,43045
NA,Paul Boshoff,43954
1280,Paul Broadhurst,NA
72,Paul Casey,30788
10446,Paul Chaplet,NA
692,Paul Claxton,NA
6607,Paul D. Haley,NA
NA,Paul Doherty,33963
9589,Paul Dunne,40115
NA,Paul Eales,3029
116,Paul Earnest,NA
173,Paul Goydos,NA
NA,Paul Harris,43148
NA,Paul Hayden,41010
NA,Paul Hendriksen,33627
10569,Paul Howard,40141
6647,Paul Imondi,41462
NA,Paul Kinnear,39870
265,Paul Lawrie,7102
NA,Paul Maddy,33506
NA,Paul Margolis,42969
NA,Paul Mcbride,41833
9800,Paul McConnell,NA
NA,Paul Mcginley,5516
NA,Paul Mckechnie,31756
NA,Paul O'hara,37018
9600,Paul Peterson,40379
NA,Paul Piedelievre,42814
NA,Paul Shields,38963
NA,Paul Spargo,32919
405,Paul Stankowski,NA
NA,Paul Streeter,7190
4411181,Paul Tsavoussis,NA
3474,Paul Waring,34264
NA,Pavel Foubik Jnr,43335
NA,Pavel Goryainov,39437
NA,Pavit Tangkamolprasert,40451
NA,Pavol Mach,43359
NA,Pedro Cruz Silva,43858
10470,Pedro da Costa Lima,NA
NA,Pedro Figueiredo,33997
NA,Pedro Lencart,41588
NA,Pedro Lencart Silva,41588
NA,Pedro Oriol,34164
NA,Peetie Van Der Merwe,43959
NA,Peicheng Chen,42498
NA,Peiyi Tan,41670
NA,Pelle Edberg,1797
NA,Pep Angles,40515
NA,Per Langfors,40830
NA,Per Längfors,40830
NA,Peradol Panyathanasedh,41077
NA,Perry Cohen,41720
10706,Pete Fernandez,NA
NA,Peter . Wilson,31705
NA,Peter Cooke,37247
NA,Peter Dallat,42998
NA,Peter Erofejeff,30341
NA,Peter Fowler,215
NA,Peter Gustafsson,30525
NA,Peter Hanson,1768
221,Peter Jacobsen,NA
4404990,Peter Jones,NA
4410611,Peter Jung,NA
NA,Peter Karmis,32913
4684201,Peter Kuest,NA
NA,Peter Launer Baek,40547
NA,Peter Lawrie,1788
277,Peter Lonard,7108
5692,Peter Malnati,NA
NA,Peter Melching,41127
NA,Peter Mruzek,9694
NA,Peter O'malley,5424
NA,Peter Puhakka,40805
NA,Peter Senior,176
NA,Peter Stojanovski,39038
NA,Peter Tarver-Jones,38951
1372,Peter Tomasulo,NA
1674,Peter Uihlein,38105
NA,Peter Valasek,40044
NA,Peter Vejgaard,32977
NA,Peter Whiteford,31792
7143,Peter Williamson,NA
NA,Peter Wilson,38568
NA,Petr Dedek,39078
NA,Petr Gal,37661
NA,Petr Hruby,43685
NA,Petr Janik,40668
NA,Petr Nic,36118
NA,Petter Mikalsen,38903
4690753,Peyton White,NA
NA,PH Mcintyre,35953
9852,Phachara Khongwatmai,40460
NA,Phanuvich Onchu,41295
308,Phil Mickelson,9118
NA,Phil Minkley,42284
1394,Phil Schmitt,NA
10563,Philip Barbaree,NA
NA,Philip Bootsma,40916
10545,Philip Eriksson,39015
NA,Philip Geerts,41631
NA,Philip Golding,2699
11479,Philip Knowles,NA
NA,Philip Ulveman Juel-Berg,41243
NA,Philipp Mejow,37517
NA,Philippe Weppernig,42826
NA,Phillip Archer,1312
NA,Phillip Kasozi,40501
NA,Phillip Kelly,39009
5448,Phillip Mollica,NA
NA,Phillip Price,5581
NA,Phumlani Maluka,42364
NA,Pierre-Henri Philippe,42137
NA,Pierre-Yves Rolland,42190
NA,Pierre Carlsson,41982
NA,Pierre Joyau,43839
NA,Pierre Mazier,41859
NA,Pierre Pellegrin,43153
NA,Pierre Pineau,42127
NA,Pierre Relecom,35347
NA,Pierre Verlaar Junior,41629
NA,Pieter Moolman,39124
NA,Pietro Bovari,42594
NA,Pietro Ricci,37619
NA,Pijit Petchkasem,41076
NA,Piya Swangarunporn,40452
NA,Pontus Nyholm,42921
NA,Pontus Stjarnfeldt,42813
NA,Pontus Widegren,34965
NA,Poom Pattaropong,43930
9674,Poom Saksansin,40086
NA,Poosit Supupramai,38540
3687,Prayad Marksaeng,9252
6217,Preston Otte,NA
4565481,Preston Summerhays,NA
NA,Priyanshu Singh,41086
1780,Prom Meesawat,32648
NA,Qiantong Xie,42224
NA,Qihao Pan,41669
NA,Qin Xu,36557
4708134,Quade Cummins,NA
NA,Quentin Debove,42780
NA,Quincy Quek,37853
NA,Quintin Wilsnach,43981
NA,Quinton Howe,39731
NA,R Nachimuthu,42431
NA,R.J. Caracella,41564
NA,Rafa Echenique,30595
5020,Rafael Barcellos,NA
7154,Rafael Becker,NA
4321,Rafael Cabrera Bello,32111
3683,Rafael Campos,NA
4386,Rafael Echenique,NA
NA,Rafael Gomez,30461
NA,Raffaele Benatti,40191
4981,Rahil Gangjee,33308
NA,Rahul Bajaj,38613
NA,Rak hyun Cho,40224
NA,Ralph Miller,358
NA,Ramazan Duman,41123
NA,Raphaël De Sousa,30807
NA,Raphaël Eyraud,1211
NA,Raphaël Jacquelin,798
NA,Raphael Le Bot,43830
NA,Raphael Marguery,37640
NA,Rashid Khan,37329
NA,Rasmus Hjelm,34906
11253,Rasmus Hojgaard,NA
NA,Rasmus Højgaard,42144
NA,Rasmus Karlsson,43532
NA,Raththee Sirithanakunsak,40465
NA,Rattanon Wannasrichan,40439
5616,Raul Cortes,NA
4643737,Raul Pereda,NA
5029,Ray Beaufils,NA
4421518,Ray Franz Jr.,NA
4346506,Ray Kraivixien,NA
10603,Ray Otis,NA
NA,Rayhan Thomas,41043
NA,Raymond Beaufils,41561
NA,Reece Phillips,39522
NA,Reeve Whitson,37697
3742,Reid Edstrom,NA
NA,Reinier Saxton,33081
NA,Ren Han,34598
6979,Renato Paratore,39042
NA,Rene Gruber,36311
167,Retief Goosen,9601
11451,Rhadames Pena,NA
3948,Rhein Gibson,39888
4349543,Rhett Rasmussen,NA
NA,Rhys Davies,34808
6776,Rhys Enoch,35374
NA,Rhys West,39863
9902,Ricardo Celia,NA
NA,Ricardo Gonzalez,5609
9745,Ricardo Gouveia,40063
NA,Ricardo Santos,31872
NA,Riccardo Bregoli,100027
29,Rich Beem,30359
10045,Rich Berberian Jr.,NA
NA,Richard Ainley,32048
1441,Richard Bland,3108
NA,Richard Bridges,40824
NA,Richard Edginton,3176
NA,Richard Finch,30799
NA,Richard Green,1223
6644,Richard H. Lee,NA
4341754,Richard Hearden,NA
NA,Richard James,39517
NA,Richard Joubert,100035
NA,Richard Jouven,40087
10163,Richard Jung,NA
NA,Richard Kilpatrick,35670
NA,Richard Mansell,41824
NA,Richard Mcevoy,31715
NA,Richard O'donovan,40214
NA,Richard S Johnson,3361
903,Richard S. Johnson,NA
1499,Richard Sterne,30715
NA,Richard T Lee,39872
4036,Richard T. Lee,NA
NA,Richard Wallis,33684
NA,Richie Gallichan,36674
1782,Richie Ramsay,34772
10581,Richie Schembechler,NA
9804,Richy Werenski,NA
6831,Rick Cochran III,NA
NA,Rick Kulacz,35862
9691,Rick Lamb,NA
627,Rick Schuller,NA
3702,Rickie Fowler,36218
801,Ricky Barnes,NA
4691931,Ricky Castillo,NA
11385,Rico Hoey,NA
NA,Riekus Nortje,37985
NA,Rigel Fernandes,41646
5349,Rikard Karlberg,33070
4350033,Rikuya Hoshino,NA
6739,Riley Arp,NA
11386,Riley Davenport,NA
8930,Riley Wheeldon,NA
NA,Riz Charania,33969
4365992,Rob Hudson,NA
259,Rob Labritz,NA
1733,Rob Oppenheim,NA
NA,Robbie Busher,39283
NA,Robbie Morrison,43661
NA,Robbie Van West,39039
6740,Robby Ormand,NA
9531,Robby Shelton,NA
5,Robert Allenby,9114
10642,Robert Bell,NA
6672,Robert Calvesbert,NA
NA,Robert Coles,7363
1797,Robert Dinwiddie,34911
10410,Robert Eisch,NA
NA,Robert Foley,42633
156,Robert Gamez,NA
1254,Robert Garrigus,NA
NA,Robert Hogan,44045
544,Robert Karlsson,4573
11378,Robert MacIntyre,41227
NA,Robert Mcintyre,41703
NA,Robert Molnar,40744
1494,Robert Rock,30383
5619,Robert Streb,39375
3740,Roberto Castro,NA
6783,Roberto Diaz,NA
NA,Roberto Francioni,36262
NA,Roberto Lupini,39865
NA,Robin Dawson,40977
NA,Robin Goger,37142
NA,Robin Kind,37805
NA,Robin Petersson,41336
NA,Robin Roussel,39651
NA,Robin Sciot-Siegrist,40723
NA,Robin Williams,42213
305,Rocco Mediate,NA
335,Rod Pampling,1335
667,Rod Perry,NA
9781,Rodolfo Cazaubon,NA
NA,Rodolfo Cazaubon Jnr,39694
10471,Rodrigo Lee,NA
NA,Roger Sabarros,897
6090,Roger Sloan,NA
NA,Rohan Blizard,35089
995,Roland Thatcher,NA
NA,Romain Bechu,33651
10099,Romain Langasque,39075
NA,Romain Schneider,37598
5538,Romain Wattel,36220
NA,Roman Kumpost,41713
11100,Roman Robledo,NA
NA,Roman Ten,41532
NA,Romano Saincic,100039
NA,Ronald Otile,41083
NA,Ronald Rugumayo,42489
5021,Ronaldo Francisco,NA
NA,Ronan Kleu,43732
NA,Ronan Mullarney,42922
NA,Roneel Prakash,42778
NA,Rongjian Tang,40377
NA,Ronnachai Jamnong,41297
NA,Roope Kakko,32328
NA,Rory Bourke,41013
NA,Rory Hie,36502
3470,Rory McIlroy,34024
NA,Rory Mcnamara,39670
377,Rory Sabbatini,30965
11317,Ross Bell,NA
NA,Ross Cameron,33056
3462,Ross Fisher,32435
NA,Ross Kellett,36224
NA,Ross Mcgowan,34902
4686785,Ross Miller,NA
NA,Rourke Van Der Spuy,40513
NA,Rowin Caron,37807
NA,Ruaidhri Mcgee,36954
NA,Ruan Conradie,43166
NA,Ruan De Smidt,38537
NA,Ruan Korb,43175
NA,Ruben Sondjaja,43154
NA,Ruben Van Uden,41446
NA,Rudy Thuillier,36249
4420535,Rufus Brijalba,NA
NA,Rupert Kaminski,43070
NA,Russel Franz,40424
4364740,Russell Budd,NA
5409,Russell Henley,NA
4483,Russell Knox,39362
3810,Russell Surber,NA
10747,Rustin Purser,NA
NA,Ruyao Yang,42541
1750,Ryan Armour,NA
1643,Ryan Baca,NA
1935,Ryan Blaum,NA
1548,Ryan Brehm,NA
NA,Ryan C Carter,35684
NA,Ryan Cairns,35947
NA,Ryan Carter,41557
NA,Ryan Chisnall,42741
NA,Ryan Dillon,32590
9743,Ryan Evans,39615
NA,Ryan Fitzgerald,41188
4251,Ryan Fox,35122
4372449,Ryan Grauman,NA
NA,Ryan Haller,33195
NA,Ryan Harmer,43798
1542,Ryan Helminen,NA
992,Ryan Hogue,NA
NA,Ryan Laird,41604
4349542,Ryan Lumsden,42690
NA,Ryan Lynch,39062
NA,Ryan Mccarthy,39093
7026,Ryan McCarthy,NA
10749,Ryan McClintock,NA
NA,Ryan Mccormick,41370
10591,Ryan McCormick,NA
809,Ryan Moore,NA
9436,Ryan O'Rear,NA
962,Ryan Palmer,NA
10096,Ryan Ruffels,40603
4565483,Ryan Schmitz,NA
4612291,Ryan Siegler,NA
4642,Ryan Spears,NA
10582,Ryan Stachler,NA
7087,Ryan Sullivan,NA
NA,Ryan Tipping,33156
3284,Ryan Vermeer,NA
4567797,Ryan Wallen,NA
4361933,Ryan Wenzler,NA
9805,Ryan Williams,NA
NA,Ryan Woodward,42360
3372,Ryan Yip,NA
9035,Ryan Zylstra,NA
NA,Ryann Ree,42217
11180,Rylee Reinertson,NA
4047,Ryo Ishikawa,36757
NA,Ryoma Iwai,43109
4699314,Ryosuke Kinoshita,NA
4357758,Ryuko Tokimatsu,NA
NA,S Chikkarangappa,39186
11186,S.M. Lee,NA
3680,S.S.P. Chawrasia,35071
NA,Sadom Kaewkanjana,43041
10980,Sahith Theegala,NA
NA,Saïd Ouahmane,43874
NA,Saif Thabet,43200
NA,Saleh Al Kaabi,39166
3304,Sam Brazel,37250
NA,Sam Broadhurst,43715
9938,Sam Burns,NA
NA,Sam Chien,41315
NA,Sam Connor,40001
NA,Sam Cutting,40878
NA,Sam Cyr,39873
NA,Sam Daley,41570
NA,Sam Edwards,42117
4364742,Sam Fidone,NA
NA,Sam Forgan,39630
10049,Sam Horsfield,40624
NA,Sam Hutsby,34636
NA,Sam Lee,41537
4358737,Sam Locke,42782
9529,Sam Love,NA
10094,Sam O'Dell,NA
7001,Sam Ryder,NA
1613,Sam Saunders,NA
8969,Sam Straka,NA
NA,Sam Testelin,42657
4565485,Sam Triplett,NA
NA,Sam Walker,30386
NA,Sam Whitehead,40752
NA,Samarth Dwivedi,40449
4348401,Sameer Kalia,NA
4585548,Sami Valimaki,NA
NA,Sami Välimäki,40872
10447,Sammy Schmitz,NA
NA,Samuel Chege,43215
6227,Samuel Del Val,40689
NA,Samuel Eaves,42301
NA,Samuel Robertshawe,39502
NA,Samuel Simpson,43958
4426181,Samuel Stevens,NA
NA,Sander Aadusaar,42007
NA,Sander Stavnar,41823
NA,Sandro Piaget,34698
281,Sandy Lyle,108
11149,Sandy Scott,41855
6734,Sang-hee Lee,NA
5327,Sang-hyun Park,NA
4015,Sang-Moon Bae,NA
4396041,Sanghyun Park,37376
NA,Sangyeop Lee,41599
NA,Sanjay Kumar,35968
NA,Sanjeev Kumar,42469
11033,Santiago Gavino,NA
4612977,Santiago Gomez,NA
NA,Santiago Luna,109
6027,Santiago Rivas,NA
11470,Santiago Tarrio,42173
NA,Sarosh Adi,41049
4618113,Sasha Lobel,NA
NA,Sasidaran M,32667
9076,Satoshi Kodaira,39476
NA,Sattaya Supupramai,36627
NA,Saud Al Sharif,43191
3955,Savio Nazareth,NA
NA,Scott Arnold,35075
NA,Scott Barr,33158
4591,Scott Brown,NA
NA,Scott Campbell,39643
4613026,Scott De Borba,NA
NA,Scott Drummond,1758
NA,Scott Fallon,37102
10225,Scott Fernandez,38287
3236,Scott Gardiner,NA
10629,Scott Gregory,41269
1195,Scott Gutschewski,NA
1210,Scott Harrington,NA
9942,Scott Harvey,NA
3383,Scott Hebert,NA
1178,Scott Hend,31288
NA,Scott Henry,35613
3729,Scott Jamieson,34771
10632,Scott Lamb,NA
5506,Scott Langley,NA
NA,Scott Laycock,1346
298,Scott McCarron,NA
810,Scott Parel,NA
1037,Scott Piercy,36202
6019,Scott Pinckney,NA
6197,Scott Smith,NA
3378,Scott Stallings,NA
NA,Scott Strange,33153
11319,Scott Strohmeyer,NA
9963,Scott Vincent,41000
10196,Scott Wolfes,NA
9478,Scottie Scheffler,NA
6001,Seamus Power,34055
NA,Sean Bradley,100037
11110,Sean Crocker,41684
NA,Sean Einhaus,34115
7119,Sean Jacklin,35197
11055,Sean Kelly,42010
NA,Sean Lawrie,41777
NA,Sean Maisey,42122
1062,Sean McCarty,NA
NA,Sean O'hair,34200
1359,Sean O'Hair,NA
NA,Sean Riordan,41276
NA,Sean Towndrow,39625
4426240,Sean Walsh,NA
4618117,Sean Yu,NA
10926,Seann Harlingten,NA
5766,Seath Lauer,NA
9564,Sebastian Cappelen,37580
NA,Sebastian Crampton,43973
NA,Sebastian Friedrichsen,43577
NA,Sebastian Garcia Rdez,35358
NA,Sebastian Garcia Rodriguez,35358
NA,Sebastian Hansson,41418
NA,Sebastian Heisele,38852
10404,Sebastian Munoz,NA
6664,Sebastian Pinzon,NA
4049,Sebastian Saavedra,NA
9494,Sebastian Soderberg,39593
6034,Sebastian Vazquez,NA
NA,Sebastian Vida,42731
NA,Sebastian Wittmann,39443
NA,Sebastien Gandon,42066
NA,Sébastien Gros,38328
NA,Sebastijan Ajster,37143
NA,Sehmus Isik,40523
NA,Sejun Yoon,39520
NA,Sengyong Kim,38707
NA,Senol Bay,39698
NA,Seo Hyung-Seok,43942
4358082,Seokwon Jeon,NA
4698579,Seonghyeon Kim,NA
8961,Sepp Straka,39309
9298,Sergio Franky,NA
158,Sergio Garcia,487
NA,Sergio Gutierrez,35624
NA,Serkan Akarsu,39919
NA,Seta Simon,37468
9452,Seth Fair,NA
10932,Seth Reeves,NA
NA,Settee Prakongvech,40453
1132,Seung-su Han,NA
4267,Seung-yul Noh,NA
11311,Seunghyuk Kim,38113
NA,Seunghyun Choi,41277
NA,Seungjae Maeng,43931
NA,Seungsu Han,37704
NA,Seve Benson,34820
NA,Shaaban Hussin,33942
4610387,Shad Tuten,NA
NA,Shae Wools Cobb,43967
NA,Shahriffuddin Ariffin,42430
NA,Shamim Khan,35964
724,Shane Bertsch,NA
4587,Shane Lowry,36489
11117,Shane Smith,NA
NA,Shang Zhi,40385
NA,Shankar Das,37994
NA,Shaocai He,36556
307,Shaun Micheel,NA
5057,Shaun Norris,32013
10390,Shawn Lu,NA
4643,Shawn Stefani,NA
4372514,Shawn Warren,NA
NA,Shergo Al Kurdi,42443
4435,Shih-chang Chan,33819
NA,Shingo Katayama,31034
NA,Shinichi Mizuno,37888
4349524,Shintaro Ban,NA
NA,Shintaro Kobayashi,43133
1583,Shiv Kapur,33965
NA,Shiyu Fan,41580
NA,Shohei Hasegawa,43145
4349587,Shota Akiyoshi,NA
10703,Shotaro Ban,42528
4684662,Shuai Ming Wong,NA
9888,Shubhankar Sharma,39187
10630,Shugo Imahira,41270
NA,Shun Yat Hak,36630
NA,Shunya Takeyasu,41273
7081,Si Woo Kim,41312
NA,Siddikur Rahman,37713
3861,Sihwan Kim,38454
NA,Silvia Banon,43277
NA,Sim Jae Dong,43087
NA,Simon Dyson,30502
NA,Simon Forsström,36434
NA,Simon Griffiths,9942
NA,Simon Gundorph,36521
NA,Simon Hawkes,42446
NA,Simon Khan,7239
NA,Simon Ngige Mburu,35252
NA,Simon P Brown,6098
NA,Simon Peters,41101
NA,Simon Thornton,34062
NA,Simon Wakefield,7946
NA,Simon Ward,37667
NA,Simon Yates,3659
NA,Šimon Zach,38361
NA,Singyin Lin,43898
NA,Siphiwe Siphayi,36654
NA,Sipho Bujela,38589
NA,Sir Nick Faldo,53
NA,Sivachandran S,32042
NA,Siyanda Mwandia,100038
NA,Siyanda Mwandla,100038
245,Skip Kendall,NA
9528,Smylie Kaufman,39975
NA,Somchai Pongpaew,40457
NA,Somkiat Srisa-Nga,36668
NA,Somsak Kaopratum,41079
NA,Sondre Erevik Ronold,39447
10310,Soo-min Lee,NA
NA,Soomin Lee,40987
NA,Soonsang Hong,35990
NA,Sorachut Hansapiban,40459
532,Soren Hansen,3160
547,Soren Kjeldsen,1159
NA,Soufiane Dahmane,43873
NA,Soufiane Rochdi,34058
5998,Spence Fulford,NA
4339487,Spencer Fletcher,NA
1257,Spencer Levin,NA
4683972,Spencer Ralston,NA
4717800,Spencer Reed,NA
4693968,Spencer Soosman,NA
4425905,Spencer Tibbits,NA
304,Spike McRoy,NA
NA,Stacy Lee Bregman,43267
NA,Stan Kraai,42204
NA,Stanislas Caturla,43449
NA,Stanislas Gautier,40811
NA,Stanislas Le Beaudour,43044
NA,Stanislav Matus,36433
10361,Steele DeWald,NA
NA,Steen Tinning,2522
NA,Stefan Engell Andersen,36748
NA,Stefan Idstam,43098
NA,Stefan Palenik,36473
NA,Stefan Wears-Taylor,43961
10231,Stefano Mazzoli,40892
NA,Stefano Pitoni,39679
NA,Stepan Danek,42916
NA,Stephan Gross Jr,33362
6937,Stephan Jaeger,38191
NA,Stephan Wolters,37565
NA,Stephane Meyssonnier,43479
NA,Stephen Allan,7731
11225,Stephen Curry,NA
NA,Stephen Dodd,5529
NA,Stephen Ferreira,40994
4425557,Stephen Franken,NA
NA,Stephen Gallacher,9889
157,Stephen Gangluff,NA
NA,Stephen Grant,34989
NA,Stephen Leaney,1185
4566997,Stephen Stallings Jr.,NA
NA,Stephen Thomas,35391
2,Steve Allan,NA
10638,Steve Cutler,NA
NA,Steve Dartnall,35079
136,Steve Flesch,NA
1198,Steve Friesen,NA
232,Steve Jones,NA
1381,Steve LeBrun,NA
5309,Steve Lewton,32463
1170,Steve Marino,NA
NA,Steve Robins,40311
387,Steve Scott,NA
412,Steve Stricker,1035
NA,Steve Surry,35763
4691708,Steve Watanabe Jr,NA
NA,Steve Webster,1179
673,Steve Wheatcroft,NA
660,Steven Alker,NA
1112,Steven Bowditch,32381
NA,Steven Brown,37460
NA,Steven Ferreira,37891
4426182,Steven Fisk,NA
7102,Steven Fox,NA
9071,Steven Ihm,NA
3656,Steven Jeffress,33900
NA,Steven Jeppesen,32375
NA,Steven Jones,35117
NA,Steven Kelbrick,41664
4565487,Steven Kupcho,NA
NA,Steven Lam,36629
NA,Steven Lecuyer,43151
NA,Steven Parry,31786
NA,Steven Tiley,33448
NA,Steven Troup,42444
NA,Stevie Cairns,38896
78,Stewart Cink,1229
11000,Stewart Hagestad,NA
10718,Stewart Jolly,NA
NA,Stiggy Hodgson,37044
11,Stuart Appleby,1852
1630,Stuart Deane,NA
NA,Stuart Grehan,41503
NA,Stuart J Smith,40024
11362,Stuart Macdonald,NA
1478,Stuart Manley,32332
1370,Stuart Smith,NA
NA,Sujan Shah,41654
NA,Sujjan Singh,37995
NA,Sukmin Pyo,43113
NA,Sukree Othman,32645
NA,Sullivan Muthugia,37375
4349564,Sulman Raza,NA
NA,Sun Sirisin,41302
9277,Sung Joon Park,NA
4449,Sung Kang,NA
NA,Sungho Lee,39379
NA,Sungho Yun,35022
NA,Sunghyuk Park,39378
11382,Sungjae Im,42694
NA,Sunil Jung,42215
5034,Sunny Kim,NA
NA,Suradit Yongcharoenchai,41080
NA,Suteepat Prateeptienchai,42527
NA,Suttijet Kooratanapisan,40450
NA,Sven Maurits,36942
NA,Sven Strüver,819
NA,Syed Saqib Ahmed,42466
8907,T.J. Mitchell,NA
7127,T.J. Vogel,NA
4567001,T.K. Kim,NA
NA,Taco Remkes,32723
1649,Tadd Fujikawa,NA
NA,Tadeas Sedlacek,40021
4264,Tae Hee Lee,NA
4717907,Tae Hoon Kim,NA
NA,Tae Woo Kim,41072
NA,Taehee Lee,36678
NA,Taehoon Kim,39897
982,Tag Ridings,NA
NA,Taichi Kho,42237
NA,Taihei Sato,42226
NA,Taiki Hara,41073
6987,Tain Lee,NA
4695731,Taisuke Ono,NA
4410612,Takumi Kanaya,43306
9513,Talor Gooch,41752
NA,Taner Yamac,41742
4566208,Tanner Gore,NA
NA,Tao Li,42218
NA,Tapio Pulkkanen,36168
NA,Tapy Ghai,43242
NA,Tarik Aslan,43317
11390,Tatsuya Kodai,NA
11245,Tayler Termeer,NA
4421834,Taylor Bibbs,NA
NA,Taylor Cooper,40996
4337387,Taylor Davis,NA
4610386,Taylor Dickson,NA
4422180,Taylor Eyster,NA
4372448,Taylor Funk,NA
NA,Taylor Gill,44048
10762,Taylor Gove,NA
4362026,Taylor Koser,NA
NA,Taylor Macdonald,41542
4372851,Taylor Montgomery,NA
10664,Taylor Moore,NA
9658,Taylor Pendrith,NA
NA,Teaghan Gauche,41014
NA,Teboho Sefatsa,33173
3509,Ted F. Smith,NA
2883,Ted Potter Jr.,NA
997,Ted Purdy,NA
11380,Tee-K Kelly,NA
NA,Teemu Bakker,36422
NA,Teemu Tapio Putkonen,40304
NA,Terence Mogapi,43982
NA,Terence Salo,41003
NA,Terrence Ng,40975
NA,Terry Pilkadaris,32049
NA,Thabang Simon,30707
NA,Thabiso Ngcobo,43970
NA,Thammanoon Sriroj,1260
NA,Thanda Mavundla,40476
NA,Thanyakon Khrongpha,37880
NA,Thaworn Wiratchant,5743
NA,Theo Brizard,43095
4349541,Theo Humphrey,NA
NA,Thepbadin Amaranan,41078
NA,Theunis Bezuidenhout,41635
NA,Theunis Spangenberg,37312
NA,Thibault Santigny,41740
NA,Thibaut Leys,43459
6246,Thitiphun Chuayprakong,38525
1436,Thomas Aiken,32412
4412169,Thomas Bass,NA
37,Thomas Bjorn,6207
NA,Thomas Boulanger,41881
NA,Thomas Comber,43046
4358739,Thomas Curtis,NA
4425878,Thomas Demarco,NA
4837,Thomas Detry,37017
3012589,Thomas Forster,NA
NA,Thomas Grava,39462
NA,Thomas Levet,2610
NA,Thomas Linard,38124
NA,Thomas Merkx,38949
NA,Thomas Mulligan,42021
NA,Thomas Nørret,30207
NA,Thomas Perrot,40031
9031,Thomas Pieters,36814
NA,Thomas Plumb,43576
NA,Thomas Rosenmüller,41521
4566456,Thomas Thurloway,NA
4565806,Thomas Walsh,NA
222,Thongchai Jaidee,30711
5140,Thorbjorn Olesen,36519
NA,Thordur Gissurarson,37511
NA,Thriston Lawrence,39791
NA,Thummanoon Koonmark,41324
NA,Tiago Cruz,30100
NA,Tiago Rodrigues,36691
NA,Tian-peng Ouyang,39735
NA,Tian Lang Guan,39794
NA,Tian Yuan,36084
NA,Tiarnan Mclarnon,40768
462,Tiger Woods,218
81,Tim Clark,NA
NA,Tim Gornik,39506
NA,Tim Hart,41553
198,Tim Herron,NA
NA,Tim Mayer,41530
351,Tim Petrovic,NA
NA,Tim Pfister,39600
NA,Tim Rice,31781
NA,Tim Spence,7062
NA,Tim Stewart,36480
452,Tim Weinhart,NA
4375973,Tim Widing,41976
1157,Tim Wilkinson,NA
NA,Tim Wood,35867
5898,Tim Yelverton,NA
NA,Timon Baltl,39388
10029,Timothy Crouch,NA
4426184,Timothy Hildebrand,NA
9657,Timothy Madigan,NA
770,Timothy O'Neal,NA
4349544,Timothy Wiseman,NA
NA,Timothy Wood,41559
NA,Tirawat Kaewsiribandit,40935
NA,Titch Moore,1926
NA,Tjaart Van Der Walt,1928
NA,Tobias Rosendahl,36869
NA,Toby Hunt,39673
9821,Toby Tree,39648
6726,Todd Baek,35881
4422427,Todd Balkin,NA
NA,Todd Clements,42411
1796,Todd Demsey,NA
648,Todd Fanning,NA
1090,Todd Hamilton,NA
NA,Todd Sinnott,40467
NA,Toffe Jusslin,43583
NA,Tom Bond,39726
NA,Tom Buchanan,42418
NA,Tom Foster,1942
NA,Tom Gandy,40905
4566207,Tom Gempel,NA
804,Tom Gillis,NA
6086,Tom Hoge,NA
NA,Tom Johnson,41278
268,Tom Lehman,NA
5868,Tom Lewis,38037
10586,Tom Lovelady,NA
NA,Tom Mckibbin,41282
NA,Tom Mckibbin (Am),41282
NA,Tom Murray,38948
NA,Tom Power Horan,41333
362,Tom Purtzer,NA
NA,Tom Shadbolt,37754
NA,Tom Sloman,42201
449,Tom Watson,NA
10177,Tom Whitney,NA
NA,Tomas Beck,43450
NA,Tomás Bessa,40221
5878,Tomas Cocha,NA
NA,Tomas Gouveia,41844
NA,Tomáš Návrata,40069
NA,Tomas Santos Silva,37473
NA,Tomasi Tuivuna,41963
NA,Tomasz Anderson,40844
NA,Tommaso Perrino,100029
NA,Tommy Cocha,35930
5539,Tommy Fleetwood,35371
1798,Tommy Gainey,NA
NA,Tommy O'driscoll,42053
10669,Tommy Sharp,NA
4594412,Tomoharu Otsuki,NA
4610045,Tomoyo Ikemura,NA
NA,Toni Ferrer,37455
9796,Toni Hakula,NA
NA,Tonje Daffinrud,43281
2230,Tony Finau,35600
NA,Tony Omuli,39209
11452,Tony Romo,NA
4610044,Toru Nakajima,NA
422,Toru Taniguchi,NA
1699,Toshinori Muto,34807
10999,Toto Gana,NA
NA,Toto Thimba Jnr,35939
11183,Trace Crowe,NA
3780,Travis Bertoni,NA
9975,Travis Howe,NA
11345,Travis Smyth,41663
4683965,Travis Trace,NA
4419443,Travis Williamson,NA
5669,Trent Whitekiller,NA
10933,Trevor Cone,NA
NA,Trevor Dodds,7123
2234,Trevor Fisher,NA
NA,Trevor Fisher Jnr,30727
215,Trevor Immelman,1937
NA,Trevor Mahoney,40482
3727,Trevor Murphy,NA
9803,Trevor Simsby,NA
4408311,Trevor Sluman,NA
9626,Trey Mullinax,NA
10937,Trey Shirley,NA
4565815,Trey Valentine,NA
NA,Trish Johnson,40347
NA,Tristen Strydom,41351
1416,Troy Kelly,NA
1041,Troy Matteson,NA
3970,Troy Merritt,40780
NA,Troy Moses,41951
4423975,Tucker Wadkins,NA
NA,Tuomas Nukari,41374
NA,Tuomas Salminen,40204
NA,Tuxuan Wu,39772
11447,Ty Strafaci,NA
434,Ty Tryon,NA
1813,Tyler Aldridge,NA
9569,Tyler Duncan,NA
1562,Tyler Hall,NA
NA,Tyler Hogarty,40223
NA,Tyler Koivisto,43813
11103,Tyler Light,NA
9002,Tyler McCumber,NA
10763,Tyler Neff,NA
11391,Tyler Ota,NA
10580,Tyler Raber,NA
11406,Tyler Torano,NA
9285,Tyler Weworski,NA
NA,Tyron Mccomb,41045
NA,Tyrone Ferreira,35876
NA,Tyrone Mordt,33169
NA,Tyrone Ryan,38567
3295,Tyrone Van Aswegen,NA
5553,Tyrrell Hatton,37626
4633,Tyson Alexander,NA
NA,Udayan Mane,41070
NA,Udorn Duangdecha,37206
NA,Ugo Coussaud,40882
NA,Ulas Karatas,36532
NA,Uli Weinhandl,323
NA,Ulrich Van Den Berg,1924
NA,Unho Park,31377
NA,Ursula Wikstrom,43282
NA,Vaclav Tichy,42940
NA,Valentin Riviere,43463
NA,Varun Parikh,43238
NA,Vaughn Groenewald,3168
1185,Vaughn Taylor,NA
NA,Veer Ahlawat,42470
NA,Veeti Mahonen,42856
NA,Vernon Sexton-Finck,33968
NA,Vetle Maroy,38322
NA,Vicente Blazquez,25377
NA,Victor Bertran,38132
5402,Victor Dubuisson,34151
NA,Victor Gebhard Østerby,38932
NA,Victor Joffray,43838
NA,Victor Joseph,42487
NA,Victor Lange,44055
NA,Victor Marchiset,42700
NA,Victor Pastor,42509
11340,Victor Perez,40856
NA,Victor Riu,33508
NA,Victor Theandersson,42098
9828,Victor Varona,NA
NA,Victor Veyret,41430
392,Vijay Singh,4253
NA,Vikrant Chandra,41538
NA,Vikrant Chopra,37334
4364873,Viktor Hovland,40148
4085,Vince Covello,NA
6229,Vince India,NA
NA,Vince Van Veen,40322
NA,Vincent Byamukama,36749
NA,Vincent Norrman,43620
NA,Vincent Simoni,33530
4408315,Vincent Whaley,NA
1602,Vinnie Poncino,NA
NA,Vinod Kumar,37870
NA,Viraj Madappa,42467
NA,Vishnoo Seeneevassen,7036
NA,Vitek Novak,39079
NA,Vitor Lopes,40976
NA,Vladimir Osipov,43053
NA,Vladimir Osipov,37810
NA,Vojtech Kostelka,39939
9475,Wade Binfield,NA
4337381,Wade Boteler,NA
1489,Wade Ormsby,32848
NA,Waisake Vati,41540
11102,Walker Lee,NA
NA,Wallace Booth,36363
NA,Wallie Coetsee,1403
NA,Warren Abery,3184
5862,WC Liang,NA
1614,Webb Simpson,38211
11454,Wehman Hopke,NA
NA,Wei-chih Lu,33150
NA,Wei Jiang,43114
NA,Wei Lin,43112
NA,Wei Wang,40983
NA,Weihuang Wu,33288
NA,Weiyu Zhu,38118
NA,Wen-cheng Huang,40982
5209,Wen-Chong Liang,NA
NA,Wen-tang Lin,30725
NA,Wenchong Liang,31270
NA,Wenxuan Wu,43892
NA,Wenyi Huang,36583
NA,Werner Van Niekerk,41002
5560,Wes Homan,NA
NA,Wes Mcclain,42026
6185,Wes Roach,NA
758,Wes Short Jr.,NA
10360,Wesley Bryan,NA
11002,Wesley McClain,NA
7082,Whee Kim,NA
10358,Wil Bateman,41642
NA,Wil Besseling,33463
6751,Wil Collins,NA
NA,Wilco Nienaber,43143
10996,Will Cannon,NA
2053,Will Claxton,NA
1408,Will Collins,NA
NA,Will Enefer,41387
4565482,Will Gordon,NA
9527,Will Grimmer,NA
1366,Will MacKenzie,NA
NA,Will Roebuck,36154
9877,Will Zalatoris,41825
7104,William Harrold,38879
9808,William Kropp,NA
3532,William McGirt,NA
4355611,Willie Mack III,NA
11040,Willy Pumarol,NA
5518,Willy Wilcox,NA
NA,Wilson Choo,38532
4399279,Wilson Furr,NA
10405,Wilson Ospina,NA
NA,Wisut Artjanawat,33967
NA,Wo-cheng Ye,39245
NA,Wolmer Murillo,35581
8046,Won Joon Lee,NA
NA,Woojin Jung,43728
NA,Woon Man Wong,31997
NA,Worrasorn Suwanpanang,41296
NA,Wouter De Vries,33080
10668,Wyatt Worthington II,NA
NA,Wynand Dingle,39811
11119,Wyndham Clark,NA
NA,Xabier Gorospe Guridi,42560
10140,Xander Schauffele,41757
NA,Xavi Guzman,30156
NA,Xavi Puig,36983
NA,Xavier Poncelet,36275
NA,Xavier Ruiz Fonhof,31876
NA,Xiao-ma Chen,35297
NA,Xiao-qi Liao,41590
NA,Xiaofei Luo,40369
NA,Xiaoli Wang,42219
NA,Xiaozhong Chen,42230
4479,Xinjun Zhang,36582
NA,Xinyang Li,38939
NA,Xiongyi Zhao,36585
NA,Xirong Cheng,41586
NA,Xu Wang,39758
NA,Xuefeng Yao,42559
NA,Xuen-cheng Li,39788
NA,Xuewen Luo,39264
1350,Y.E. Yang,31305
NA,Yahao Fan,41589
10318,Yan-wei Liu,NA
NA,Yan Sun,40980
NA,Yang Kuang,43246
NA,Yann Pfeiffer,41187
NA,Yannick Nathan Artigolle,41605
NA,Yannik Paul,40647
NA,Yanwei Liu,39265
NA,Yanzhang Wang,41109
NA,Yashas Chandra,41089
NA,Yassine Touhami,41118
NA,Ye Htet Aung,41639
NA,Yechun Carl Yuan,39219
NA,Yente Van Doren,40592
NA,Yeongsu Kim,41666
NA,Yevgeny Kafelnikov,34243
NA,Yi-Cheng Sun,40981
8886,Yi Cao,39744
11175,Yi Keun Chang,NA
NA,Yih-shin Chan,37227
NA,Yikeun Chang,41069
NA,Yilong Chen,41110
NA,Yin Ho Yue,41606
NA,Yinong Yang,39275
NA,Yixin Xing,41667
NA,Yiyuan Mi,40399
4592200,Yongjun Bae,NA
NA,Yongxuan Yin,41120
6845,Yoshinori Fujimoto,NA
6796,Yoshio Yamamoto,NA
4566423,Yosuke Asaji,NA
10605,Yosuke Tsukada,NA
NA,Younes El Hassani,1245
10422,Young-han Song,NA
NA,Younghan Song,39887
NA,Youseff El Golli,41184
NA,Yu-Chen Yeh,43896
NA,Yu-Cheng Hsu,44040
NA,Yu-ting Han,40985
NA,Yu Yao,43106
NA,Yubin Jung,38016
NA,Yuezu Tao,43121
NA,Yuhsuan Lin,43120
4399256,Yuki Inamori,43124
NA,Yung-Hua Liu,44036
NA,Yung-Lung Lin,43895
NA,Yurav Premlall,43173
978,Yusaku Miyazato,40117
NA,Yusuke Minamoto,42532
4712,Yuta Ikeda,36960
NA,Yuto Soeda,42529
NA,Yuvraj Sandhu,41647
4408322,Yuwa Kosaihira,NA
11455,Yuxin Lin,41112
9040,Zac Blair,39480
11021,Zach Cabra,NA
4695729,Zach Caldwell,NA
10584,Zach Edmondson,NA
9074,Zach J. Johnson,NA
686,Zach Johnson,NA
4407521,Zach Murray,43137
6949,Zach Rezentes,NA
10130,Zach Steffen,NA
10508,Zach Wright,41705
11120,Zach Zaback,NA
10030,Zachary Bauchou,NA
4686082,Zachary Burry,NA
4413590,Zachary Jaworski,NA
9390,Zachary Olsen,NA
NA,Zack Byrd,38193
7158,Zack Fischer,NA
NA,Zack Saltman,36991
4708,Zack Sucher,NA
9042,Zahkai Brown,NA
7056,Zander Lombard,38428
4684382,Zander Winston,NA
NA,Zane Scotland,30356
NA,Zaw Zaw Latt,41054
8889,Zecheng Dou,39244
NA,Zehao Liu,41668
NA,Zeming He,40367
NA,Zenghaoqi Zong,42220
NA,Zeno Felder,40886
NA,Zeyu He,38712
NA,Zhang Wen Tong,42564
NA,Zhaoyang Gu,41585
NA,Zheng-kai Bai,39246
NA,Zheng Liang,43122
NA,Zheng Ouyang,40364
NA,Zhi-peng Fan,36074
NA,Zhi Xie,37400
NA,Zhong qiu Li,42229
NA,Zhongyu Zhang,42540
NA,Zhu Weiyu,41609
NA,Zhu Zhuang,41106
NA,Zi-Hong Zhang,40394
NA,Zi-ting Wang,40380
NA,Zihan She,39736
NA,Zihao Chen,39266
NA,Ziyat Seilbekov,40348
NA,Zoheer Ahmad,41961
